fail: 2025-11-06 09:57:47.2504212 +07:00 Thursday L System.Logging.LoggingMonitor[0] #49
      ┏━━━━━━━━━━━  Logging Monitor ━━━━━━━━━━━
      ┣ AttcMN.System.Controllers.WorkerController.GetUserList
      ┣ 
      ┣ 控制器名称：                     WorkerController
      ┣ 操作名称：                       GetUserList
      ┣ 显示名称：                       
      ┣ 路由信息：                       [area]: ; [controller]: Worker; [action]: GetUserList
      ┣ 请求方式：                       GET
      ┣ 请求地址：                       http://localhost:44326/construction/workers/list?pageNum=1&pageSize=10
      ┣ 来源地址：                       http://localhost:50/construction/construction
      ┣ 请求端源：                       client
      ┣ 浏览器标识：                     Mozilla/5.0 (Windows NT 10.0; Win64; x64) AppleWebKit/537.36 (KHTML, like Gecko) Chrome/141.0.0.0 Safari/537.36
      ┣ 客户端区域语言：                 en-US,en;q=0.9,vi;q=0.8
      ┣ 客户端 IP 地址：                 127.0.0.1
      ┣ 服务端 IP 地址：                 127.0.0.1
      ┣ 客户端连接 ID：                  00-b0bc3d9d42e0c3e2eecc50c74fb5915b-200b1cb66dcc92ad-00
      ┣ 服务线程 ID：                    #47
      ┣ 执行耗时：                       230ms
      ┣ ━━━━━━━━━━━━━━━  Cookies ━━━━━━━━━━━━━━━
      ┣ 请求端：                         lang=en; Hm_lvt_3824e56a483ef95673d119166354712c=1761450141; .AspNetCore.Identity.Application=CfDJ8A_pruwfiuBFp_pFvYUTjgSCWWfo3Z47qZAjJE7FoJwOBU7JrpJzjuolrAeFzEwbNF5VkEIkB1K7Xw8YY4ADMgafZlElHia02YYyFnD-DqFWWHndOLt8TtLTDC_nf2LjPK2Z8uOezwyLZaxqTkKYswBf2vdQbBhP2xxqTk2yel9bdUSGdUsU5gDbVhvuu3HjxQefiZLg4UvttRgQzHMrvKpPNo7Zi2Cs3i-ZnSkjK8xID6zNmWmIpocuEQU1m05bo8bl0PbouQEKWEj8T_McPUiAB6Wsbx1CYIH_dyaxvfwSc8jVqNrfUwiOtL8HSeXuhgflYVo-E0Lw15XV8QBycaFNSdjokmWmtzx_o5_yUZBIbl64PKw64RA296cSOBL2FjxrIIALZkH7qUvHi4kJUM3LOJ9gVwaVBtWf_XTz2qJJ2HYT4JU7GNzu2bc8VeseFZoJ7S4Q04cdiz0M_ha96WcTbJ7g4btRGt1OPl0X4DcFAUh5lZmiB-Fkt1SwmyVzD23oy2CFzJ8_a_P_J00S2RRdWzWuQLil2ePO_jQeTtYAuykK-uECd3pZTukdqrxynJEMZp61pcElQQ22qJmNMhGjmHrZ10V4oqt4TgiYeVWC99-udGrZL9sbrjyvzppfag9xuPEav4b_gofla2vHe2pboyxEL0cTvAmIvP5sPa5UVgV_F_3Di_y5ehMswQjnwX0Q6inKFnKyN0cfqrpURWi_VPGZbICp37SjSCfo2LJMzYZ9H8rUKkBk_bBOfO5GLswRvsUgmmivB3dmrlIg9fxE_FIveH84nfU7E6XAlpzOPd0iLrufYDFAzSFh1xPHADIgiZwNzeuGylg0DOHc1MY; rememberMe=true; username=admin; CurrentLanguageATTW=zh-tw; password=E8P+9KyP0i4gF3G/7cZFvhZgi0wrgANOEl2QwAo1H9sspjSKN9x+P5oJ8AiVAF14AuzYT9yhXhzKRaC8lNgk3g==; Admin-Token=eyJhbGciOiJIUzI1NiIsInR5cCI6IkpXVCJ9.eyJsb2dpbl91c2VyX2tleSI6ImI1ZDMzNDgxLTc3ZWEtNDAxMC05YzBkLTI5NWYyNTMxZGVjYiIsIlVzZXJJZCI6MSwiVXNlck5hbWUiOiJhZG1pbiIsIkRlcHRJZCI6MTAzLCJleHAiOjE3NjMwMDI2NjEsImlhdCI6MTc2MjM5Nzg2MSwibmJmIjoxNzYyMzk3ODYxLCJpc3MiOiJydW95aS5uZXQuaXNzdWVyIiwiYXVkIjoicnVveWkubmV0LmF1ZGllbmNlIn0.kVein-dAj-eSr9fkNVM8R0Dp9YbCHBiEStX3lk1x7nM
      ┣ 响应端：                         
      ┣ ━━━━━━━━━━━━━━━  系统信息 ━━━━━━━━━━━━━━━
      ┣ 系统名称：                       Microsoft Windows 10.0.26200
      ┣ 系统架构：                       X64
      ┣ 基础框架：                       AttcMN.Framework v1.0.0.0
      ┣ .NET 架构：                      .NET 8.0.21
      ┣ ━━━━━━━━━━━━━━━  启动信息 ━━━━━━━━━━━━━━━
      ┣ 运行环境：                       Development
      ┣ 启动程序集：                     AttcMN.Admin
      ┣ 进程名称：                       iisexpress
      ┣ 托管程序：                       iisexpress
      ┣ ━━━━━━━━━━━━━━━  授权信息 ━━━━━━━━━━━━━━━
      ┣ JWT Token：                      Bearer eyJhbGciOiJIUzI1NiIsInR5cCI6IkpXVCJ9.eyJsb2dpbl91c2VyX2tleSI6ImI1ZDMzNDgxLTc3ZWEtNDAxMC05YzBkLTI5NWYyNTMxZGVjYiIsIlVzZXJJZCI6MSwiVXNlck5hbWUiOiJhZG1pbiIsIkRlcHRJZCI6MTAzLCJleHAiOjE3NjMwMDI2NjEsImlhdCI6MTc2MjM5Nzg2MSwibmJmIjoxNzYyMzk3ODYxLCJpc3MiOiJydW95aS5uZXQuaXNzdWVyIiwiYXVkIjoicnVveWkubmV0LmF1ZGllbmNlIn0.kVein-dAj-eSr9fkNVM8R0Dp9YbCHBiEStX3lk1x7nM
      ┣ 
      ┣ login_user_key (string)：        b5d33481-77ea-4010-9c0d-295f2531decb
      ┣ UserId (integer32)：             1
      ┣ UserName (string)：              admin
      ┣ DeptId (integer32)：             103
      ┣ exp (integer64)：                1763002661 (2025-11-13 09:57:41:0000(+07:00) Thursday L)
      ┣ iat (integer64)：                1762397861 (2025-11-06 09:57:41:0000(+07:00) Thursday L)
      ┣ nbf (integer64)：                1762397861 (2025-11-06 09:57:41:0000(+07:00) Thursday L)
      ┣ iss (string)：                   ruoyi.net.issuer
      ┣ aud (string)：                   ruoyi.net.audience
      ┣ ━━━━━━━━━━━━━━━  请求头信息 ━━━━━━━━━━━━━━━
      ┣ 
      ┣ Accept：                         application/json, text/plain, */*
      ┣ Accept-Encoding：                gzip, deflate, br, zstd
      ┣ Accept-Language：                en-US,en;q=0.9,vi;q=0.8
      ┣ Authorization：                  Bearer eyJhbGciOiJIUzI1NiIsInR5cCI6IkpXVCJ9.eyJsb2dpbl91c2VyX2tleSI6ImI1ZDMzNDgxLTc3ZWEtNDAxMC05YzBkLTI5NWYyNTMxZGVjYiIsIlVzZXJJZCI6MSwiVXNlck5hbWUiOiJhZG1pbiIsIkRlcHRJZCI6MTAzLCJleHAiOjE3NjMwMDI2NjEsImlhdCI6MTc2MjM5Nzg2MSwibmJmIjoxNzYyMzk3ODYxLCJpc3MiOiJydW95aS5uZXQuaXNzdWVyIiwiYXVkIjoicnVveWkubmV0LmF1ZGllbmNlIn0.kVein-dAj-eSr9fkNVM8R0Dp9YbCHBiEStX3lk1x7nM
      ┣ Connection：                     close
      ┣ Cookie：                         lang=en; Hm_lvt_3824e56a483ef95673d119166354712c=1761450141; .AspNetCore.Identity.Application=CfDJ8A_pruwfiuBFp_pFvYUTjgSCWWfo3Z47qZAjJE7FoJwOBU7JrpJzjuolrAeFzEwbNF5VkEIkB1K7Xw8YY4ADMgafZlElHia02YYyFnD-DqFWWHndOLt8TtLTDC_nf2LjPK2Z8uOezwyLZaxqTkKYswBf2vdQbBhP2xxqTk2yel9bdUSGdUsU5gDbVhvuu3HjxQefiZLg4UvttRgQzHMrvKpPNo7Zi2Cs3i-ZnSkjK8xID6zNmWmIpocuEQU1m05bo8bl0PbouQEKWEj8T_McPUiAB6Wsbx1CYIH_dyaxvfwSc8jVqNrfUwiOtL8HSeXuhgflYVo-E0Lw15XV8QBycaFNSdjokmWmtzx_o5_yUZBIbl64PKw64RA296cSOBL2FjxrIIALZkH7qUvHi4kJUM3LOJ9gVwaVBtWf_XTz2qJJ2HYT4JU7GNzu2bc8VeseFZoJ7S4Q04cdiz0M_ha96WcTbJ7g4btRGt1OPl0X4DcFAUh5lZmiB-Fkt1SwmyVzD23oy2CFzJ8_a_P_J00S2RRdWzWuQLil2ePO_jQeTtYAuykK-uECd3pZTukdqrxynJEMZp61pcElQQ22qJmNMhGjmHrZ10V4oqt4TgiYeVWC99-udGrZL9sbrjyvzppfag9xuPEav4b_gofla2vHe2pboyxEL0cTvAmIvP5sPa5UVgV_F_3Di_y5ehMswQjnwX0Q6inKFnKyN0cfqrpURWi_VPGZbICp37SjSCfo2LJMzYZ9H8rUKkBk_bBOfO5GLswRvsUgmmivB3dmrlIg9fxE_FIveH84nfU7E6XAlpzOPd0iLrufYDFAzSFh1xPHADIgiZwNzeuGylg0DOHc1MY; rememberMe=true; username=admin; CurrentLanguageATTW=zh-tw; password=E8P+9KyP0i4gF3G/7cZFvhZgi0wrgANOEl2QwAo1H9sspjSKN9x+P5oJ8AiVAF14AuzYT9yhXhzKRaC8lNgk3g==; Admin-Token=eyJhbGciOiJIUzI1NiIsInR5cCI6IkpXVCJ9.eyJsb2dpbl91c2VyX2tleSI6ImI1ZDMzNDgxLTc3ZWEtNDAxMC05YzBkLTI5NWYyNTMxZGVjYiIsIlVzZXJJZCI6MSwiVXNlck5hbWUiOiJhZG1pbiIsIkRlcHRJZCI6MTAzLCJleHAiOjE3NjMwMDI2NjEsImlhdCI6MTc2MjM5Nzg2MSwibmJmIjoxNzYyMzk3ODYxLCJpc3MiOiJydW95aS5uZXQuaXNzdWVyIiwiYXVkIjoicnVveWkubmV0LmF1ZGllbmNlIn0.kVein-dAj-eSr9fkNVM8R0Dp9YbCHBiEStX3lk1x7nM
      ┣ Host：                           localhost:44326
      ┣ Referer：                        http://localhost:50/construction/construction
      ┣ User-Agent：                     Mozilla/5.0 (Windows NT 10.0; Win64; x64) AppleWebKit/537.36 (KHTML, like Gecko) Chrome/141.0.0.0 Safari/537.36
      ┣ x-forwarded-host：               localhost:50
      ┣ x-forwarded-port：               50
      ┣ X-Original-Proto：               https
      ┣ sec-fetch-dest：                 empty
      ┣ sec-fetch-mode：                 cors
      ┣ sec-fetch-site：                 same-origin
      ┣ sec-ch-ua-mobile：               ?0
      ┣ sec-ch-ua：                      "Google Chrome";v="141", "Not?A_Brand";v="8", "Chromium";v="141"
      ┣ sec-ch-ua-platform：             "Windows"
      ┣ X-Original-For：                 127.0.0.1:58851
      ┣ ━━━━━━━━━━━━━━━  参数列表 ━━━━━━━━━━━━━━━
      ┣ Content-Type：                   
      ┣ 
      ┣ dto (WorkerDto)：                {"workerId":0,"empNo":null,"empName":null,"deptId":null,"facId":null,"idno":null,"insureFile":null,"workFile":null,"isDeleted":null,"remark":null,"deviceFile":null,"safety2File":null,"safety2Enddate":null,"safety3File":null,"safety3Enddate":null,"safety4File":null,"safety4Redate":null,"elecFile":null,"heathyFile":null,"protecFile":null,"workerImage":null,"createBy":null,"createTime":null,"updateBy":null,"updateTime":null,"params":{"beginTime":null,"endTime":null,"dataScopeSql":null}}
      ┣ ━━━━━━━━━━━━━━━  返回信息 ━━━━━━━━━━━━━━━
      ┣ HTTP响应状态码：                 200
      ┣ 原始类型：                       System.Threading.Tasks.Task<SqlSugar.SqlSugarPagedList<AttcMN.Data.Entities.Worker>>
      ┣ 最终类型：                       
      ┣ 最终返回值：                     null
      ┣ ━━━━━━━━━━━━━━━  异常信息 ━━━━━━━━━━━━━━━
      ┣ 类型：                           Microsoft.Data.SqlClient.SqlException
      ┣ 消息：                           Invalid column name 'remark'.
      ┣ 错误堆栈：                       at Microsoft.Data.SqlClient.SqlCommand.<>c.<ExecuteDbDataReaderAsync>b__189_0(Task`1 result)
         at System.Threading.Tasks.ContinuationResultTaskFromResultTask`2.InnerInvoke()
         at System.Threading.ExecutionContext.RunInternal(ExecutionContext executionContext, ContextCallback callback, Object state)
      --- End of stack trace from previous location ---
         at System.Threading.ExecutionContext.RunInternal(ExecutionContext executionContext, ContextCallback callback, Object state)
         at System.Threading.Tasks.Task.ExecuteWithThreadLocal(Task& currentTaskSlot, Thread threadPoolThread)
      --- End of stack trace from previous location ---
         at SqlSugar.AdoProvider.GetDataReaderAsync(String sql, SugarParameter[] parameters)
         at SqlSugar.QueryableProvider`1.GetDataAsync[TResult](KeyValuePair`2 sqlObj)
         at SqlSugar.QueryableProvider`1._ToListAsync[TResult]()
         at SqlSugar.QueryableProvider`1.ToPageListAsync(Int32 pageIndex, Int32 pageSize, RefAsync`1 totalNumber)
         at SqlSugar.PagedQueryableExtensions.ToPagedListAsync[TEntity](ISugarQueryable`1 entity, Int32 pageIndex, Int32 pageSize) in D:\Project\ATTCAppLication\AttcMN.Framework\SqlSugar\Extensions\PagedQueryableExtensions.cs:line 43
         at AttcMN.Common.Data.BaseRepository`2.GetPagedListAsync(ISugarQueryable`1 queryable) in D:\Project\ATTCAppLication\AttcMN.Common\Data\BaseRepository.cs:line 252
         at AttcMN.Common.Data.BaseRepository`2.GetPagedListAsync(TDto dto) in D:\Project\ATTCAppLication\AttcMN.Common\Data\BaseRepository.cs:line 233
         at AttcMN.System.Services.WorkerService.GetPagedUserListAsync(WorkerDto dto) in D:\Project\ATTCAppLication\AttcMN.System\Services\WorkerService.cs:line 82
         at AttcMN.System.Controllers.WorkerController.GetUserList(WorkerDto dto) in D:\Project\ATTCAppLication\AttcMN.System\Controllers\WorkerController.cs:line 27
         at lambda_method211(Closure, Object)
         at Microsoft.AspNetCore.Mvc.Infrastructure.ActionMethodExecutor.AwaitableObjectResultExecutor.Execute(ActionContext actionContext, IActionResultTypeMapper mapper, ObjectMethodExecutor executor, Object controller, Object[] arguments)
         at Microsoft.AspNetCore.Mvc.Infrastructure.ControllerActionInvoker.<InvokeActionMethodAsync>g__Logged|12_1(ControllerActionInvoker invoker)
         at Microsoft.AspNetCore.Mvc.Infrastructure.ControllerActionInvoker.<InvokeNextActionFilterAsync>g__Awaited|10_0(ControllerActionInvoker invoker, Task lastTask, State next, Scope scope, Object state, Boolean isCompleted)
      ┗━━━━━━━━━━━  Logging Monitor ━━━━━━━━━━━      
      ++++++++++++++++++++++++++++++++++++++++++++++++++++++++
      Microsoft.Data.SqlClient.SqlException (0x80131904): Invalid column name 'remark'.
         at Microsoft.Data.SqlClient.SqlCommand.<>c.<ExecuteDbDataReaderAsync>b__189_0(Task`1 result)
         at System.Threading.Tasks.ContinuationResultTaskFromResultTask`2.InnerInvoke()
         at System.Threading.ExecutionContext.RunInternal(ExecutionContext executionContext, ContextCallback callback, Object state)
      --- End of stack trace from previous location ---
         at System.Threading.ExecutionContext.RunInternal(ExecutionContext executionContext, ContextCallback callback, Object state)
         at System.Threading.Tasks.Task.ExecuteWithThreadLocal(Task& currentTaskSlot, Thread threadPoolThread)
      --- End of stack trace from previous location ---
         at SqlSugar.AdoProvider.GetDataReaderAsync(String sql, SugarParameter[] parameters)
         at SqlSugar.QueryableProvider`1.GetDataAsync[TResult](KeyValuePair`2 sqlObj)
         at SqlSugar.QueryableProvider`1._ToListAsync[TResult]()
         at SqlSugar.QueryableProvider`1.ToPageListAsync(Int32 pageIndex, Int32 pageSize, RefAsync`1 totalNumber)
         at SqlSugar.PagedQueryableExtensions.ToPagedListAsync[TEntity](ISugarQueryable`1 entity, Int32 pageIndex, Int32 pageSize) in D:\Project\ATTCAppLication\AttcMN.Framework\SqlSugar\Extensions\PagedQueryableExtensions.cs:line 43
         at AttcMN.Common.Data.BaseRepository`2.GetPagedListAsync(ISugarQueryable`1 queryable) in D:\Project\ATTCAppLication\AttcMN.Common\Data\BaseRepository.cs:line 252
         at AttcMN.Common.Data.BaseRepository`2.GetPagedListAsync(TDto dto) in D:\Project\ATTCAppLication\AttcMN.Common\Data\BaseRepository.cs:line 233
         at AttcMN.System.Services.WorkerService.GetPagedUserListAsync(WorkerDto dto) in D:\Project\ATTCAppLication\AttcMN.System\Services\WorkerService.cs:line 82
         at AttcMN.System.Controllers.WorkerController.GetUserList(WorkerDto dto) in D:\Project\ATTCAppLication\AttcMN.System\Controllers\WorkerController.cs:line 27
         at lambda_method211(Closure, Object)
         at Microsoft.AspNetCore.Mvc.Infrastructure.ActionMethodExecutor.AwaitableObjectResultExecutor.Execute(ActionContext actionContext, IActionResultTypeMapper mapper, ObjectMethodExecutor executor, Object controller, Object[] arguments)
         at Microsoft.AspNetCore.Mvc.Infrastructure.ControllerActionInvoker.<InvokeActionMethodAsync>g__Logged|12_1(ControllerActionInvoker invoker)
         at Microsoft.AspNetCore.Mvc.Infrastructure.ControllerActionInvoker.<InvokeNextActionFilterAsync>g__Awaited|10_0(ControllerActionInvoker invoker, Task lastTask, State next, Scope scope, Object state, Boolean isCompleted)
      ClientConnectionId:41427ddb-314c-4c23-9633-2727162a251a
      Error Number:207,State:1,Class:16
      ++++++++++++++++++++++++++++++++++++++++++++++++++++++++
fail: 2025-11-06 09:57:47.2681232 +07:00 Thursday L AttcMN.Framework.Filters.GlobalExceptionFilter[0] #49
      GlobalException      
      ++++++++++++++++++++++++++++++++++++++++++++++++++++++++
      Microsoft.Data.SqlClient.SqlException (0x80131904): Invalid column name 'remark'.
         at Microsoft.Data.SqlClient.SqlCommand.<>c.<ExecuteDbDataReaderAsync>b__189_0(Task`1 result)
         at System.Threading.Tasks.ContinuationResultTaskFromResultTask`2.InnerInvoke()
         at System.Threading.ExecutionContext.RunInternal(ExecutionContext executionContext, ContextCallback callback, Object state)
      --- End of stack trace from previous location ---
         at System.Threading.ExecutionContext.RunInternal(ExecutionContext executionContext, ContextCallback callback, Object state)
         at System.Threading.Tasks.Task.ExecuteWithThreadLocal(Task& currentTaskSlot, Thread threadPoolThread)
      --- End of stack trace from previous location ---
         at SqlSugar.AdoProvider.GetDataReaderAsync(String sql, SugarParameter[] parameters)
         at SqlSugar.QueryableProvider`1.GetDataAsync[TResult](KeyValuePair`2 sqlObj)
         at SqlSugar.QueryableProvider`1._ToListAsync[TResult]()
         at SqlSugar.QueryableProvider`1.ToPageListAsync(Int32 pageIndex, Int32 pageSize, RefAsync`1 totalNumber)
         at SqlSugar.PagedQueryableExtensions.ToPagedListAsync[TEntity](ISugarQueryable`1 entity, Int32 pageIndex, Int32 pageSize) in D:\Project\ATTCAppLication\AttcMN.Framework\SqlSugar\Extensions\PagedQueryableExtensions.cs:line 43
         at AttcMN.Common.Data.BaseRepository`2.GetPagedListAsync(ISugarQueryable`1 queryable) in D:\Project\ATTCAppLication\AttcMN.Common\Data\BaseRepository.cs:line 252
         at AttcMN.Common.Data.BaseRepository`2.GetPagedListAsync(TDto dto) in D:\Project\ATTCAppLication\AttcMN.Common\Data\BaseRepository.cs:line 233
         at AttcMN.System.Services.WorkerService.GetPagedUserListAsync(WorkerDto dto) in D:\Project\ATTCAppLication\AttcMN.System\Services\WorkerService.cs:line 82
         at AttcMN.System.Controllers.WorkerController.GetUserList(WorkerDto dto) in D:\Project\ATTCAppLication\AttcMN.System\Controllers\WorkerController.cs:line 27
         at lambda_method211(Closure, Object)
         at Microsoft.AspNetCore.Mvc.Infrastructure.ActionMethodExecutor.AwaitableObjectResultExecutor.Execute(ActionContext actionContext, IActionResultTypeMapper mapper, ObjectMethodExecutor executor, Object controller, Object[] arguments)
         at Microsoft.AspNetCore.Mvc.Infrastructure.ControllerActionInvoker.<InvokeActionMethodAsync>g__Logged|12_1(ControllerActionInvoker invoker)
         at Microsoft.AspNetCore.Mvc.Infrastructure.ControllerActionInvoker.<InvokeNextActionFilterAsync>g__Awaited|10_0(ControllerActionInvoker invoker, Task lastTask, State next, Scope scope, Object state, Boolean isCompleted)
         at Microsoft.AspNetCore.Mvc.Infrastructure.ControllerActionInvoker.Rethrow(ActionExecutedContextSealed context)
         at Microsoft.AspNetCore.Mvc.Infrastructure.ControllerActionInvoker.Next(State& next, Scope& scope, Object& state, Boolean& isCompleted)
         at Microsoft.AspNetCore.Mvc.Infrastructure.ControllerActionInvoker.<InvokeInnerFilterAsync>g__Awaited|13_0(ControllerActionInvoker invoker, Task lastTask, State next, Scope scope, Object state, Boolean isCompleted)
         at Microsoft.AspNetCore.Mvc.Infrastructure.ResourceInvoker.<InvokeNextExceptionFilterAsync>g__Awaited|26_0(ResourceInvoker invoker, Task lastTask, State next, Scope scope, Object state, Boolean isCompleted)
      ClientConnectionId:41427ddb-314c-4c23-9633-2727162a251a
      Error Number:207,State:1,Class:16
      ++++++++++++++++++++++++++++++++++++++++++++++++++++++++
fail: 2025-11-06 14:34:19.5354099 +07:00 Thursday L Microsoft.AspNetCore.Diagnostics.DeveloperExceptionPageMiddleware[1] #42
      An unhandled exception has occurred while executing the request.      
      ++++++++++++++++++++++++++++++++++++++++++++++++++++++++
      Swashbuckle.AspNetCore.SwaggerGen.SwaggerGeneratorException: Conflicting method/path combination "POST construction/workers" for actions - AttcMN.System.Controllers.WorkerController.Add (AttcMN.System), AttcMN.System.Controllers.WorkerController.Remove (AttcMN.System). Actions require a unique method/path combination for Swagger/OpenAPI 2.0 and 3.0. Use ConflictingActionsResolver as a workaround or provide your own implementation of PathGroupSelector.
         at Swashbuckle.AspNetCore.SwaggerGen.SwaggerGenerator.PrepareGenerateOperation(IGrouping`2 group)
         at System.Linq.Enumerable.SelectEnumerableIterator`2.MoveNext()
         at Swashbuckle.AspNetCore.SwaggerGen.SwaggerGenerator.GenerateOperationsAsync(OpenApiDocument document, IEnumerable`1 apiDescriptions, SchemaRepository schemaRepository)
         at Swashbuckle.AspNetCore.SwaggerGen.SwaggerGenerator.GeneratePathsAsync(OpenApiDocument document, IEnumerable`1 apiDescriptions, SchemaRepository schemaRepository, Func`4 operationsGenerator)
         at Swashbuckle.AspNetCore.SwaggerGen.SwaggerGenerator.GeneratePathsAsync(OpenApiDocument document, IEnumerable`1 apiDescriptions, SchemaRepository schemaRepository)
         at Swashbuckle.AspNetCore.SwaggerGen.SwaggerGenerator.GetSwaggerAsync(String documentName, String host, String basePath)
         at Swashbuckle.AspNetCore.Swagger.SwaggerMiddleware.Invoke(HttpContext httpContext, ISwaggerProvider swaggerProvider)
         at Microsoft.AspNetCore.Authorization.AuthorizationMiddleware.Invoke(HttpContext context)
         at Microsoft.AspNetCore.Authentication.AuthenticationMiddleware.Invoke(HttpContext context)
         at Microsoft.AspNetCore.Diagnostics.DeveloperExceptionPageMiddlewareImpl.Invoke(HttpContext context)
      ++++++++++++++++++++++++++++++++++++++++++++++++++++++++
fail: 2025-11-06 14:36:58.2986548 +07:00 Thursday L Microsoft.AspNetCore.Diagnostics.DeveloperExceptionPageMiddleware[1] #38
      An unhandled exception has occurred while executing the request.      
      ++++++++++++++++++++++++++++++++++++++++++++++++++++++++
      Swashbuckle.AspNetCore.SwaggerGen.SwaggerGeneratorException: Conflicting method/path combination "POST construction/workers" for actions - AttcMN.System.Controllers.WorkerController.Add (AttcMN.System), AttcMN.System.Controllers.WorkerController.Remove (AttcMN.System). Actions require a unique method/path combination for Swagger/OpenAPI 2.0 and 3.0. Use ConflictingActionsResolver as a workaround or provide your own implementation of PathGroupSelector.
         at Swashbuckle.AspNetCore.SwaggerGen.SwaggerGenerator.PrepareGenerateOperation(IGrouping`2 group)
         at System.Linq.Enumerable.SelectEnumerableIterator`2.MoveNext()
         at Swashbuckle.AspNetCore.SwaggerGen.SwaggerGenerator.GenerateOperationsAsync(OpenApiDocument document, IEnumerable`1 apiDescriptions, SchemaRepository schemaRepository)
         at Swashbuckle.AspNetCore.SwaggerGen.SwaggerGenerator.GeneratePathsAsync(OpenApiDocument document, IEnumerable`1 apiDescriptions, SchemaRepository schemaRepository, Func`4 operationsGenerator)
         at Swashbuckle.AspNetCore.SwaggerGen.SwaggerGenerator.GeneratePathsAsync(OpenApiDocument document, IEnumerable`1 apiDescriptions, SchemaRepository schemaRepository)
         at Swashbuckle.AspNetCore.SwaggerGen.SwaggerGenerator.GetSwaggerAsync(String documentName, String host, String basePath)
         at Swashbuckle.AspNetCore.Swagger.SwaggerMiddleware.Invoke(HttpContext httpContext, ISwaggerProvider swaggerProvider)
         at Microsoft.AspNetCore.Authorization.AuthorizationMiddleware.Invoke(HttpContext context)
         at Microsoft.AspNetCore.Authentication.AuthenticationMiddleware.Invoke(HttpContext context)
         at Microsoft.AspNetCore.Diagnostics.DeveloperExceptionPageMiddlewareImpl.Invoke(HttpContext context)
      ++++++++++++++++++++++++++++++++++++++++++++++++++++++++
fail: 2025-11-06 14:38:26.6517943 +07:00 Thursday L Microsoft.AspNetCore.Diagnostics.DeveloperExceptionPageMiddleware[1] #43
      An unhandled exception has occurred while executing the request.      
      ++++++++++++++++++++++++++++++++++++++++++++++++++++++++
      Swashbuckle.AspNetCore.SwaggerGen.SwaggerGeneratorException: Conflicting method/path combination "POST construction/workers" for actions - AttcMN.System.Controllers.WorkerController.Add (AttcMN.System), AttcMN.System.Controllers.WorkerController.Remove (AttcMN.System). Actions require a unique method/path combination for Swagger/OpenAPI 2.0 and 3.0. Use ConflictingActionsResolver as a workaround or provide your own implementation of PathGroupSelector.
         at Swashbuckle.AspNetCore.SwaggerGen.SwaggerGenerator.PrepareGenerateOperation(IGrouping`2 group)
         at System.Linq.Enumerable.SelectEnumerableIterator`2.MoveNext()
         at Swashbuckle.AspNetCore.SwaggerGen.SwaggerGenerator.GenerateOperationsAsync(OpenApiDocument document, IEnumerable`1 apiDescriptions, SchemaRepository schemaRepository)
         at Swashbuckle.AspNetCore.SwaggerGen.SwaggerGenerator.GeneratePathsAsync(OpenApiDocument document, IEnumerable`1 apiDescriptions, SchemaRepository schemaRepository, Func`4 operationsGenerator)
         at Swashbuckle.AspNetCore.SwaggerGen.SwaggerGenerator.GeneratePathsAsync(OpenApiDocument document, IEnumerable`1 apiDescriptions, SchemaRepository schemaRepository)
         at Swashbuckle.AspNetCore.SwaggerGen.SwaggerGenerator.GetSwaggerAsync(String documentName, String host, String basePath)
         at Swashbuckle.AspNetCore.Swagger.SwaggerMiddleware.Invoke(HttpContext httpContext, ISwaggerProvider swaggerProvider)
         at Microsoft.AspNetCore.Authorization.AuthorizationMiddleware.Invoke(HttpContext context)
         at Microsoft.AspNetCore.Authentication.AuthenticationMiddleware.Invoke(HttpContext context)
         at Microsoft.AspNetCore.Diagnostics.DeveloperExceptionPageMiddlewareImpl.Invoke(HttpContext context)
      ++++++++++++++++++++++++++++++++++++++++++++++++++++++++
fail: 2025-11-06 14:39:47.5097176 +07:00 Thursday L Microsoft.AspNetCore.Diagnostics.DeveloperExceptionPageMiddleware[1] #35
      An unhandled exception has occurred while executing the request.      
      ++++++++++++++++++++++++++++++++++++++++++++++++++++++++
      Swashbuckle.AspNetCore.SwaggerGen.SwaggerGeneratorException: Conflicting method/path combination "POST construction/workers" for actions - AttcMN.System.Controllers.WorkerController.Add (AttcMN.System), AttcMN.System.Controllers.WorkerController.Remove (AttcMN.System). Actions require a unique method/path combination for Swagger/OpenAPI 2.0 and 3.0. Use ConflictingActionsResolver as a workaround or provide your own implementation of PathGroupSelector.
         at Swashbuckle.AspNetCore.SwaggerGen.SwaggerGenerator.PrepareGenerateOperation(IGrouping`2 group)
         at System.Linq.Enumerable.SelectEnumerableIterator`2.MoveNext()
         at Swashbuckle.AspNetCore.SwaggerGen.SwaggerGenerator.GenerateOperationsAsync(OpenApiDocument document, IEnumerable`1 apiDescriptions, SchemaRepository schemaRepository)
         at Swashbuckle.AspNetCore.SwaggerGen.SwaggerGenerator.GeneratePathsAsync(OpenApiDocument document, IEnumerable`1 apiDescriptions, SchemaRepository schemaRepository, Func`4 operationsGenerator)
         at Swashbuckle.AspNetCore.SwaggerGen.SwaggerGenerator.GeneratePathsAsync(OpenApiDocument document, IEnumerable`1 apiDescriptions, SchemaRepository schemaRepository)
         at Swashbuckle.AspNetCore.SwaggerGen.SwaggerGenerator.GetSwaggerAsync(String documentName, String host, String basePath)
         at Swashbuckle.AspNetCore.Swagger.SwaggerMiddleware.Invoke(HttpContext httpContext, ISwaggerProvider swaggerProvider)
         at Microsoft.AspNetCore.Authorization.AuthorizationMiddleware.Invoke(HttpContext context)
         at Microsoft.AspNetCore.Authentication.AuthenticationMiddleware.Invoke(HttpContext context)
         at Microsoft.AspNetCore.Diagnostics.DeveloperExceptionPageMiddlewareImpl.Invoke(HttpContext context)
      ++++++++++++++++++++++++++++++++++++++++++++++++++++++++
fail: 2025-11-06 14:51:41.0399715 +07:00 Thursday L Microsoft.AspNetCore.Diagnostics.DeveloperExceptionPageMiddleware[1] #5
      An unhandled exception has occurred while executing the request.      
      ++++++++++++++++++++++++++++++++++++++++++++++++++++++++
      Swashbuckle.AspNetCore.SwaggerGen.SwaggerGeneratorException: Conflicting method/path combination "POST construction/workers" for actions - AttcMN.System.Controllers.WorkerController.Add (AttcMN.System), AttcMN.System.Controllers.WorkerController.Remove (AttcMN.System). Actions require a unique method/path combination for Swagger/OpenAPI 2.0 and 3.0. Use ConflictingActionsResolver as a workaround or provide your own implementation of PathGroupSelector.
         at Swashbuckle.AspNetCore.SwaggerGen.SwaggerGenerator.PrepareGenerateOperation(IGrouping`2 group)
         at System.Linq.Enumerable.SelectEnumerableIterator`2.MoveNext()
         at Swashbuckle.AspNetCore.SwaggerGen.SwaggerGenerator.GenerateOperationsAsync(OpenApiDocument document, IEnumerable`1 apiDescriptions, SchemaRepository schemaRepository)
         at Swashbuckle.AspNetCore.SwaggerGen.SwaggerGenerator.GeneratePathsAsync(OpenApiDocument document, IEnumerable`1 apiDescriptions, SchemaRepository schemaRepository, Func`4 operationsGenerator)
         at Swashbuckle.AspNetCore.SwaggerGen.SwaggerGenerator.GeneratePathsAsync(OpenApiDocument document, IEnumerable`1 apiDescriptions, SchemaRepository schemaRepository)
         at Swashbuckle.AspNetCore.SwaggerGen.SwaggerGenerator.GetSwaggerAsync(String documentName, String host, String basePath)
         at Swashbuckle.AspNetCore.Swagger.SwaggerMiddleware.Invoke(HttpContext httpContext, ISwaggerProvider swaggerProvider)
         at Microsoft.AspNetCore.Authorization.AuthorizationMiddleware.Invoke(HttpContext context)
         at Microsoft.AspNetCore.Authentication.AuthenticationMiddleware.Invoke(HttpContext context)
         at Microsoft.AspNetCore.Diagnostics.DeveloperExceptionPageMiddlewareImpl.Invoke(HttpContext context)
      ++++++++++++++++++++++++++++++++++++++++++++++++++++++++
fail: 2025-11-06 14:52:29.9236813 +07:00 Thursday L Microsoft.AspNetCore.Diagnostics.DeveloperExceptionPageMiddleware[1] #40
      An unhandled exception has occurred while executing the request.      
      ++++++++++++++++++++++++++++++++++++++++++++++++++++++++
      Swashbuckle.AspNetCore.SwaggerGen.SwaggerGeneratorException: Conflicting method/path combination "POST construction/workers" for actions - AttcMN.System.Controllers.WorkerController.Add (AttcMN.System), AttcMN.System.Controllers.WorkerController.Remove (AttcMN.System). Actions require a unique method/path combination for Swagger/OpenAPI 2.0 and 3.0. Use ConflictingActionsResolver as a workaround or provide your own implementation of PathGroupSelector.
         at Swashbuckle.AspNetCore.SwaggerGen.SwaggerGenerator.PrepareGenerateOperation(IGrouping`2 group)
         at System.Linq.Enumerable.SelectEnumerableIterator`2.MoveNext()
         at Swashbuckle.AspNetCore.SwaggerGen.SwaggerGenerator.GenerateOperationsAsync(OpenApiDocument document, IEnumerable`1 apiDescriptions, SchemaRepository schemaRepository)
         at Swashbuckle.AspNetCore.SwaggerGen.SwaggerGenerator.GeneratePathsAsync(OpenApiDocument document, IEnumerable`1 apiDescriptions, SchemaRepository schemaRepository, Func`4 operationsGenerator)
         at Swashbuckle.AspNetCore.SwaggerGen.SwaggerGenerator.GeneratePathsAsync(OpenApiDocument document, IEnumerable`1 apiDescriptions, SchemaRepository schemaRepository)
         at Swashbuckle.AspNetCore.SwaggerGen.SwaggerGenerator.GetSwaggerAsync(String documentName, String host, String basePath)
         at Swashbuckle.AspNetCore.Swagger.SwaggerMiddleware.Invoke(HttpContext httpContext, ISwaggerProvider swaggerProvider)
         at Microsoft.AspNetCore.Authorization.AuthorizationMiddleware.Invoke(HttpContext context)
         at Microsoft.AspNetCore.Authentication.AuthenticationMiddleware.Invoke(HttpContext context)
         at Microsoft.AspNetCore.Diagnostics.DeveloperExceptionPageMiddlewareImpl.Invoke(HttpContext context)
      ++++++++++++++++++++++++++++++++++++++++++++++++++++++++
fail: 2025-11-06 14:54:15.3101006 +07:00 Thursday L Microsoft.AspNetCore.Diagnostics.DeveloperExceptionPageMiddleware[1] #44
      An unhandled exception has occurred while executing the request.      
      ++++++++++++++++++++++++++++++++++++++++++++++++++++++++
      Swashbuckle.AspNetCore.SwaggerGen.SwaggerGeneratorException: Conflicting method/path combination "POST construction/workers" for actions - AttcMN.System.Controllers.WorkerController.Add (AttcMN.System), AttcMN.System.Controllers.WorkerController.Remove (AttcMN.System). Actions require a unique method/path combination for Swagger/OpenAPI 2.0 and 3.0. Use ConflictingActionsResolver as a workaround or provide your own implementation of PathGroupSelector.
         at Swashbuckle.AspNetCore.SwaggerGen.SwaggerGenerator.PrepareGenerateOperation(IGrouping`2 group)
         at System.Linq.Enumerable.SelectEnumerableIterator`2.MoveNext()
         at Swashbuckle.AspNetCore.SwaggerGen.SwaggerGenerator.GenerateOperationsAsync(OpenApiDocument document, IEnumerable`1 apiDescriptions, SchemaRepository schemaRepository)
         at Swashbuckle.AspNetCore.SwaggerGen.SwaggerGenerator.GeneratePathsAsync(OpenApiDocument document, IEnumerable`1 apiDescriptions, SchemaRepository schemaRepository, Func`4 operationsGenerator)
         at Swashbuckle.AspNetCore.SwaggerGen.SwaggerGenerator.GeneratePathsAsync(OpenApiDocument document, IEnumerable`1 apiDescriptions, SchemaRepository schemaRepository)
         at Swashbuckle.AspNetCore.SwaggerGen.SwaggerGenerator.GetSwaggerAsync(String documentName, String host, String basePath)
         at Swashbuckle.AspNetCore.Swagger.SwaggerMiddleware.Invoke(HttpContext httpContext, ISwaggerProvider swaggerProvider)
         at Microsoft.AspNetCore.Authorization.AuthorizationMiddleware.Invoke(HttpContext context)
         at Microsoft.AspNetCore.Authentication.AuthenticationMiddleware.Invoke(HttpContext context)
         at Microsoft.AspNetCore.Diagnostics.DeveloperExceptionPageMiddlewareImpl.Invoke(HttpContext context)
      ++++++++++++++++++++++++++++++++++++++++++++++++++++++++
fail: 2025-11-06 14:54:59.7574495 +07:00 Thursday L Microsoft.AspNetCore.Diagnostics.DeveloperExceptionPageMiddleware[1] #44
      An unhandled exception has occurred while executing the request.      
      ++++++++++++++++++++++++++++++++++++++++++++++++++++++++
      Swashbuckle.AspNetCore.SwaggerGen.SwaggerGeneratorException: Conflicting method/path combination "POST construction/workers" for actions - AttcMN.System.Controllers.WorkerController.Add (AttcMN.System), AttcMN.System.Controllers.WorkerController.Remove (AttcMN.System). Actions require a unique method/path combination for Swagger/OpenAPI 2.0 and 3.0. Use ConflictingActionsResolver as a workaround or provide your own implementation of PathGroupSelector.
         at Swashbuckle.AspNetCore.SwaggerGen.SwaggerGenerator.PrepareGenerateOperation(IGrouping`2 group)
         at System.Linq.Enumerable.SelectEnumerableIterator`2.MoveNext()
         at Swashbuckle.AspNetCore.SwaggerGen.SwaggerGenerator.GenerateOperationsAsync(OpenApiDocument document, IEnumerable`1 apiDescriptions, SchemaRepository schemaRepository)
         at Swashbuckle.AspNetCore.SwaggerGen.SwaggerGenerator.GeneratePathsAsync(OpenApiDocument document, IEnumerable`1 apiDescriptions, SchemaRepository schemaRepository, Func`4 operationsGenerator)
         at Swashbuckle.AspNetCore.SwaggerGen.SwaggerGenerator.GeneratePathsAsync(OpenApiDocument document, IEnumerable`1 apiDescriptions, SchemaRepository schemaRepository)
         at Swashbuckle.AspNetCore.SwaggerGen.SwaggerGenerator.GetSwaggerAsync(String documentName, String host, String basePath)
         at Swashbuckle.AspNetCore.Swagger.SwaggerMiddleware.Invoke(HttpContext httpContext, ISwaggerProvider swaggerProvider)
         at Microsoft.AspNetCore.Authorization.AuthorizationMiddleware.Invoke(HttpContext context)
         at Microsoft.AspNetCore.Authentication.AuthenticationMiddleware.Invoke(HttpContext context)
         at Microsoft.AspNetCore.Diagnostics.DeveloperExceptionPageMiddlewareImpl.Invoke(HttpContext context)
      ++++++++++++++++++++++++++++++++++++++++++++++++++++++++
fail: 2025-11-06 15:21:20.2695770 +07:00 Thursday L Microsoft.AspNetCore.Diagnostics.DeveloperExceptionPageMiddleware[1] #35
      An unhandled exception has occurred while executing the request.      
      ++++++++++++++++++++++++++++++++++++++++++++++++++++++++
      Swashbuckle.AspNetCore.SwaggerGen.SwaggerGeneratorException: Conflicting method/path combination "POST construction/workers" for actions - AttcMN.System.Controllers.WorkerController.Add (AttcMN.System), AttcMN.System.Controllers.WorkerController.Remove (AttcMN.System). Actions require a unique method/path combination for Swagger/OpenAPI 2.0 and 3.0. Use ConflictingActionsResolver as a workaround or provide your own implementation of PathGroupSelector.
         at Swashbuckle.AspNetCore.SwaggerGen.SwaggerGenerator.PrepareGenerateOperation(IGrouping`2 group)
         at System.Linq.Enumerable.SelectEnumerableIterator`2.MoveNext()
         at Swashbuckle.AspNetCore.SwaggerGen.SwaggerGenerator.GenerateOperationsAsync(OpenApiDocument document, IEnumerable`1 apiDescriptions, SchemaRepository schemaRepository)
         at Swashbuckle.AspNetCore.SwaggerGen.SwaggerGenerator.GeneratePathsAsync(OpenApiDocument document, IEnumerable`1 apiDescriptions, SchemaRepository schemaRepository, Func`4 operationsGenerator)
         at Swashbuckle.AspNetCore.SwaggerGen.SwaggerGenerator.GeneratePathsAsync(OpenApiDocument document, IEnumerable`1 apiDescriptions, SchemaRepository schemaRepository)
         at Swashbuckle.AspNetCore.SwaggerGen.SwaggerGenerator.GetSwaggerAsync(String documentName, String host, String basePath)
         at Swashbuckle.AspNetCore.Swagger.SwaggerMiddleware.Invoke(HttpContext httpContext, ISwaggerProvider swaggerProvider)
         at Microsoft.AspNetCore.Authorization.AuthorizationMiddleware.Invoke(HttpContext context)
         at Microsoft.AspNetCore.Authentication.AuthenticationMiddleware.Invoke(HttpContext context)
         at Microsoft.AspNetCore.Diagnostics.DeveloperExceptionPageMiddlewareImpl.Invoke(HttpContext context)
      ++++++++++++++++++++++++++++++++++++++++++++++++++++++++
fail: 2025-11-06 15:21:44.2112514 +07:00 Thursday L Microsoft.AspNetCore.Diagnostics.DeveloperExceptionPageMiddleware[1] #48
      An unhandled exception has occurred while executing the request.      
      ++++++++++++++++++++++++++++++++++++++++++++++++++++++++
      Swashbuckle.AspNetCore.SwaggerGen.SwaggerGeneratorException: Conflicting method/path combination "POST construction/workers" for actions - AttcMN.System.Controllers.WorkerController.Add (AttcMN.System), AttcMN.System.Controllers.WorkerController.Remove (AttcMN.System). Actions require a unique method/path combination for Swagger/OpenAPI 2.0 and 3.0. Use ConflictingActionsResolver as a workaround or provide your own implementation of PathGroupSelector.
         at Swashbuckle.AspNetCore.SwaggerGen.SwaggerGenerator.PrepareGenerateOperation(IGrouping`2 group)
         at System.Linq.Enumerable.SelectEnumerableIterator`2.MoveNext()
         at Swashbuckle.AspNetCore.SwaggerGen.SwaggerGenerator.GenerateOperationsAsync(OpenApiDocument document, IEnumerable`1 apiDescriptions, SchemaRepository schemaRepository)
         at Swashbuckle.AspNetCore.SwaggerGen.SwaggerGenerator.GeneratePathsAsync(OpenApiDocument document, IEnumerable`1 apiDescriptions, SchemaRepository schemaRepository, Func`4 operationsGenerator)
         at Swashbuckle.AspNetCore.SwaggerGen.SwaggerGenerator.GeneratePathsAsync(OpenApiDocument document, IEnumerable`1 apiDescriptions, SchemaRepository schemaRepository)
         at Swashbuckle.AspNetCore.SwaggerGen.SwaggerGenerator.GetSwaggerAsync(String documentName, String host, String basePath)
         at Swashbuckle.AspNetCore.Swagger.SwaggerMiddleware.Invoke(HttpContext httpContext, ISwaggerProvider swaggerProvider)
         at Microsoft.AspNetCore.Authorization.AuthorizationMiddleware.Invoke(HttpContext context)
         at Microsoft.AspNetCore.Authentication.AuthenticationMiddleware.Invoke(HttpContext context)
         at Microsoft.AspNetCore.Diagnostics.DeveloperExceptionPageMiddlewareImpl.Invoke(HttpContext context)
      ++++++++++++++++++++++++++++++++++++++++++++++++++++++++
fail: 2025-11-06 15:23:15.6938740 +07:00 Thursday L Microsoft.AspNetCore.Diagnostics.DeveloperExceptionPageMiddleware[1] #41
      An unhandled exception has occurred while executing the request.      
      ++++++++++++++++++++++++++++++++++++++++++++++++++++++++
      Swashbuckle.AspNetCore.SwaggerGen.SwaggerGeneratorException: Failed to generate Operation for action - AttcMN.System.Controllers.WorkerController.Import (AttcMN.System). See inner exception
       ---> Swashbuckle.AspNetCore.SwaggerGen.SwaggerGeneratorException: Error reading parameter(s) for action AttcMN.System.Controllers.WorkerController.Import (AttcMN.System) as [FromForm] attribute used with IFormFile. Please refer to https://github.com/domaindrivendev/Swashbuckle.AspNetCore#handle-forms-and-file-uploads for more information
         at Swashbuckle.AspNetCore.SwaggerGen.SwaggerGenerator.GenerateParametersAsync(ApiDescription apiDescription, SchemaRepository schemaRespository, Func`3 parameterGenerator)
         at Swashbuckle.AspNetCore.SwaggerGen.SwaggerGenerator.GenerateParametersAsync(ApiDescription apiDescription, SchemaRepository schemaRespository)
         at Swashbuckle.AspNetCore.SwaggerGen.SwaggerGenerator.GenerateOperationAsync(OpenApiDocument document, ApiDescription apiDescription, SchemaRepository schemaRepository, Func`3 parametersGenerator, Func`3 bodyGenerator, Func`3 applyFilters)
         --- End of inner exception stack trace ---
         at Swashbuckle.AspNetCore.SwaggerGen.SwaggerGenerator.GenerateOperationAsync(OpenApiDocument document, ApiDescription apiDescription, SchemaRepository schemaRepository, Func`3 parametersGenerator, Func`3 bodyGenerator, Func`3 applyFilters)
         at Swashbuckle.AspNetCore.SwaggerGen.SwaggerGenerator.GenerateOperationAsync(OpenApiDocument document, ApiDescription apiDescription, SchemaRepository schemaRepository)
         at Swashbuckle.AspNetCore.SwaggerGen.SwaggerGenerator.GenerateOperationsAsync(OpenApiDocument document, IEnumerable`1 apiDescriptions, SchemaRepository schemaRepository)
         at Swashbuckle.AspNetCore.SwaggerGen.SwaggerGenerator.GeneratePathsAsync(OpenApiDocument document, IEnumerable`1 apiDescriptions, SchemaRepository schemaRepository, Func`4 operationsGenerator)
         at Swashbuckle.AspNetCore.SwaggerGen.SwaggerGenerator.GeneratePathsAsync(OpenApiDocument document, IEnumerable`1 apiDescriptions, SchemaRepository schemaRepository)
         at Swashbuckle.AspNetCore.SwaggerGen.SwaggerGenerator.GetSwaggerAsync(String documentName, String host, String basePath)
         at Swashbuckle.AspNetCore.Swagger.SwaggerMiddleware.Invoke(HttpContext httpContext, ISwaggerProvider swaggerProvider)
         at Microsoft.AspNetCore.Authorization.AuthorizationMiddleware.Invoke(HttpContext context)
         at Microsoft.AspNetCore.Authentication.AuthenticationMiddleware.Invoke(HttpContext context)
         at Microsoft.AspNetCore.Diagnostics.DeveloperExceptionPageMiddlewareImpl.Invoke(HttpContext context)
      ++++++++++++++++++++++++++++++++++++++++++++++++++++++++
fail: 2025-11-06 15:29:33.1214145 +07:00 Thursday L System.Logging.LoggingMonitor[0] #27
      ┏━━━━━━━━━━━  Logging Monitor ━━━━━━━━━━━
      ┣ AttcMN.Admin.SysLoginController.GetInfo
      ┣ 
      ┣ 控制器名称：                SysLoginController
      ┣ 操作名称：                  GetInfo
      ┣ 显示名称：                  
      ┣ 路由信息：                  [area]: ; [controller]: SysLogin; [action]: GetInfo
      ┣ 请求方式：                  GET
      ┣ 请求地址：                  https://localhost:44326/getInfo
      ┣ 来源地址：                  https://localhost:44326/api-doc/index.html?urls.primaryName=System
      ┣ 请求端源：                  swagger
      ┣ 浏览器标识：                Mozilla/5.0 (Windows NT 10.0; Win64; x64) AppleWebKit/537.36 (KHTML, like Gecko) Chrome/141.0.0.0 Safari/537.36
      ┣ 客户端区域语言：            en-US,en;q=0.9,vi;q=0.8
      ┣ 客户端 IP 地址：            0.0.0.1
      ┣ 服务端 IP 地址：            0.0.0.1
      ┣ 客户端连接 ID：             00-0f5706e4f54b1636506d96b96a379ef1-7115c89d9784e31b-00
      ┣ 服务线程 ID：               #27
      ┣ 执行耗时：                  145ms
      ┣ ━━━━━━━━━━━━━━━  Cookies ━━━━━━━━━━━━━━━
      ┣ 请求端：                    lang=en; Hm_lvt_3824e56a483ef95673d119166354712c=1761450141; .AspNetCore.Identity.Application=CfDJ8A_pruwfiuBFp_pFvYUTjgSCWWfo3Z47qZAjJE7FoJwOBU7JrpJzjuolrAeFzEwbNF5VkEIkB1K7Xw8YY4ADMgafZlElHia02YYyFnD-DqFWWHndOLt8TtLTDC_nf2LjPK2Z8uOezwyLZaxqTkKYswBf2vdQbBhP2xxqTk2yel9bdUSGdUsU5gDbVhvuu3HjxQefiZLg4UvttRgQzHMrvKpPNo7Zi2Cs3i-ZnSkjK8xID6zNmWmIpocuEQU1m05bo8bl0PbouQEKWEj8T_McPUiAB6Wsbx1CYIH_dyaxvfwSc8jVqNrfUwiOtL8HSeXuhgflYVo-E0Lw15XV8QBycaFNSdjokmWmtzx_o5_yUZBIbl64PKw64RA296cSOBL2FjxrIIALZkH7qUvHi4kJUM3LOJ9gVwaVBtWf_XTz2qJJ2HYT4JU7GNzu2bc8VeseFZoJ7S4Q04cdiz0M_ha96WcTbJ7g4btRGt1OPl0X4DcFAUh5lZmiB-Fkt1SwmyVzD23oy2CFzJ8_a_P_J00S2RRdWzWuQLil2ePO_jQeTtYAuykK-uECd3pZTukdqrxynJEMZp61pcElQQ22qJmNMhGjmHrZ10V4oqt4TgiYeVWC99-udGrZL9sbrjyvzppfag9xuPEav4b_gofla2vHe2pboyxEL0cTvAmIvP5sPa5UVgV_F_3Di_y5ehMswQjnwX0Q6inKFnKyN0cfqrpURWi_VPGZbICp37SjSCfo2LJMzYZ9H8rUKkBk_bBOfO5GLswRvsUgmmivB3dmrlIg9fxE_FIveH84nfU7E6XAlpzOPd0iLrufYDFAzSFh1xPHADIgiZwNzeuGylg0DOHc1MY; rememberMe=true; username=admin; CurrentLanguageATTW=zh-tw; password=E8P+9KyP0i4gF3G/7cZFvhZgi0wrgANOEl2QwAo1H9sspjSKN9x+P5oJ8AiVAF14AuzYT9yhXhzKRaC8lNgk3g==; Admin-Token=eyJhbGciOiJIUzI1NiIsInR5cCI6IkpXVCJ9.eyJsb2dpbl91c2VyX2tleSI6ImI1ZDMzNDgxLTc3ZWEtNDAxMC05YzBkLTI5NWYyNTMxZGVjYiIsIlVzZXJJZCI6MSwiVXNlck5hbWUiOiJhZG1pbiIsIkRlcHRJZCI6MTAzLCJleHAiOjE3NjMwMDI2NjEsImlhdCI6MTc2MjM5Nzg2MSwibmJmIjoxNzYyMzk3ODYxLCJpc3MiOiJydW95aS5uZXQuaXNzdWVyIiwiYXVkIjoicnVveWkubmV0LmF1ZGllbmNlIn0.kVein-dAj-eSr9fkNVM8R0Dp9YbCHBiEStX3lk1x7nM
      ┣ 响应端：                    
      ┣ ━━━━━━━━━━━━━━━  系统信息 ━━━━━━━━━━━━━━━
      ┣ 系统名称：                  Microsoft Windows 10.0.26200
      ┣ 系统架构：                  X64
      ┣ 基础框架：                  AttcMN.Framework v1.0.0.0
      ┣ .NET 架构：                 .NET 8.0.21
      ┣ ━━━━━━━━━━━━━━━  启动信息 ━━━━━━━━━━━━━━━
      ┣ 运行环境：                  Development
      ┣ 启动程序集：                AttcMN.Admin
      ┣ 进程名称：                  iisexpress
      ┣ 托管程序：                  iisexpress
      ┣ ━━━━━━━━━━━━━━━  请求头信息 ━━━━━━━━━━━━━━━
      ┣ 
      ┣ Accept：                    text/plain
      ┣ Accept-Encoding：           gzip, deflate, br, zstd
      ┣ Accept-Language：           en-US,en;q=0.9,vi;q=0.8
      ┣ Connection：                close
      ┣ Cookie：                    lang=en; Hm_lvt_3824e56a483ef95673d119166354712c=1761450141; .AspNetCore.Identity.Application=CfDJ8A_pruwfiuBFp_pFvYUTjgSCWWfo3Z47qZAjJE7FoJwOBU7JrpJzjuolrAeFzEwbNF5VkEIkB1K7Xw8YY4ADMgafZlElHia02YYyFnD-DqFWWHndOLt8TtLTDC_nf2LjPK2Z8uOezwyLZaxqTkKYswBf2vdQbBhP2xxqTk2yel9bdUSGdUsU5gDbVhvuu3HjxQefiZLg4UvttRgQzHMrvKpPNo7Zi2Cs3i-ZnSkjK8xID6zNmWmIpocuEQU1m05bo8bl0PbouQEKWEj8T_McPUiAB6Wsbx1CYIH_dyaxvfwSc8jVqNrfUwiOtL8HSeXuhgflYVo-E0Lw15XV8QBycaFNSdjokmWmtzx_o5_yUZBIbl64PKw64RA296cSOBL2FjxrIIALZkH7qUvHi4kJUM3LOJ9gVwaVBtWf_XTz2qJJ2HYT4JU7GNzu2bc8VeseFZoJ7S4Q04cdiz0M_ha96WcTbJ7g4btRGt1OPl0X4DcFAUh5lZmiB-Fkt1SwmyVzD23oy2CFzJ8_a_P_J00S2RRdWzWuQLil2ePO_jQeTtYAuykK-uECd3pZTukdqrxynJEMZp61pcElQQ22qJmNMhGjmHrZ10V4oqt4TgiYeVWC99-udGrZL9sbrjyvzppfag9xuPEav4b_gofla2vHe2pboyxEL0cTvAmIvP5sPa5UVgV_F_3Di_y5ehMswQjnwX0Q6inKFnKyN0cfqrpURWi_VPGZbICp37SjSCfo2LJMzYZ9H8rUKkBk_bBOfO5GLswRvsUgmmivB3dmrlIg9fxE_FIveH84nfU7E6XAlpzOPd0iLrufYDFAzSFh1xPHADIgiZwNzeuGylg0DOHc1MY; rememberMe=true; username=admin; CurrentLanguageATTW=zh-tw; password=E8P+9KyP0i4gF3G/7cZFvhZgi0wrgANOEl2QwAo1H9sspjSKN9x+P5oJ8AiVAF14AuzYT9yhXhzKRaC8lNgk3g==; Admin-Token=eyJhbGciOiJIUzI1NiIsInR5cCI6IkpXVCJ9.eyJsb2dpbl91c2VyX2tleSI6ImI1ZDMzNDgxLTc3ZWEtNDAxMC05YzBkLTI5NWYyNTMxZGVjYiIsIlVzZXJJZCI6MSwiVXNlck5hbWUiOiJhZG1pbiIsIkRlcHRJZCI6MTAzLCJleHAiOjE3NjMwMDI2NjEsImlhdCI6MTc2MjM5Nzg2MSwibmJmIjoxNzYyMzk3ODYxLCJpc3MiOiJydW95aS5uZXQuaXNzdWVyIiwiYXVkIjoicnVveWkubmV0LmF1ZGllbmNlIn0.kVein-dAj-eSr9fkNVM8R0Dp9YbCHBiEStX3lk1x7nM
      ┣ Host：                      localhost:44326
      ┣ Referer：                   https://localhost:44326/api-doc/index.html?urls.primaryName=System
      ┣ User-Agent：                Mozilla/5.0 (Windows NT 10.0; Win64; x64) AppleWebKit/537.36 (KHTML, like Gecko) Chrome/141.0.0.0 Safari/537.36
      ┣ sec-ch-ua-platform：        "Windows"
      ┣ request-from：              swagger
      ┣ sec-ch-ua：                 "Google Chrome";v="141", "Not?A_Brand";v="8", "Chromium";v="141"
      ┣ sec-ch-ua-mobile：          ?0
      ┣ sec-fetch-site：            same-origin
      ┣ sec-fetch-mode：            cors
      ┣ sec-fetch-dest：            empty
      ┣ priority：                  u=1, i
      ┣ ━━━━━━━━━━━━━━━  返回信息 ━━━━━━━━━━━━━━━
      ┣ HTTP响应状态码：            200
      ┣ 原始类型：                  System.Threading.Tasks.Task<AttcMN.Framework.AjaxResult>
      ┣ 最终类型：                  
      ┣ 最终返回值：                null
      ┣ ━━━━━━━━━━━━━━━  异常信息 ━━━━━━━━━━━━━━━
      ┣ 类型：                      AttcMN.Framework.Exceptions.ServiceException
      ┣ 消息：                      获取用户信息异常
      ┣ 错误堆栈：                  at AttcMN.Common.Utils.SecurityUtils.GetLoginUser() in D:\Project\ATTCAppLication\AttcMN.Common\Utils\SecurityUtils.cs:line 52
         at AttcMN.Admin.SysLoginController.GetInfo() in D:\Project\ATTCAppLication\AttcMN.System\Controllers\SysLoginController.cs:line 77
         at lambda_method52(Closure, Object)
         at Microsoft.AspNetCore.Mvc.Infrastructure.ActionMethodExecutor.AwaitableObjectResultExecutor.Execute(ActionContext actionContext, IActionResultTypeMapper mapper, ObjectMethodExecutor executor, Object controller, Object[] arguments)
         at Microsoft.AspNetCore.Mvc.Infrastructure.ControllerActionInvoker.<InvokeActionMethodAsync>g__Logged|12_1(ControllerActionInvoker invoker)
         at Microsoft.AspNetCore.Mvc.Infrastructure.ControllerActionInvoker.<InvokeNextActionFilterAsync>g__Awaited|10_0(ControllerActionInvoker invoker, Task lastTask, State next, Scope scope, Object state, Boolean isCompleted)
      ┗━━━━━━━━━━━  Logging Monitor ━━━━━━━━━━━      
      ++++++++++++++++++++++++++++++++++++++++++++++++++++++++
      AttcMN.Framework.Exceptions.ServiceException: 获取用户信息异常
         at AttcMN.Common.Utils.SecurityUtils.GetLoginUser() in D:\Project\ATTCAppLication\AttcMN.Common\Utils\SecurityUtils.cs:line 52
         at AttcMN.Admin.SysLoginController.GetInfo() in D:\Project\ATTCAppLication\AttcMN.System\Controllers\SysLoginController.cs:line 77
         at lambda_method52(Closure, Object)
         at Microsoft.AspNetCore.Mvc.Infrastructure.ActionMethodExecutor.AwaitableObjectResultExecutor.Execute(ActionContext actionContext, IActionResultTypeMapper mapper, ObjectMethodExecutor executor, Object controller, Object[] arguments)
         at Microsoft.AspNetCore.Mvc.Infrastructure.ControllerActionInvoker.<InvokeActionMethodAsync>g__Logged|12_1(ControllerActionInvoker invoker)
         at Microsoft.AspNetCore.Mvc.Infrastructure.ControllerActionInvoker.<InvokeNextActionFilterAsync>g__Awaited|10_0(ControllerActionInvoker invoker, Task lastTask, State next, Scope scope, Object state, Boolean isCompleted)
      ++++++++++++++++++++++++++++++++++++++++++++++++++++++++
fail: 2025-11-06 15:29:33.1266329 +07:00 Thursday L AttcMN.Framework.Filters.GlobalExceptionFilter[0] #27
      GlobalException      
      ++++++++++++++++++++++++++++++++++++++++++++++++++++++++
      AttcMN.Framework.Exceptions.ServiceException: 获取用户信息异常
         at AttcMN.Common.Utils.SecurityUtils.GetLoginUser() in D:\Project\ATTCAppLication\AttcMN.Common\Utils\SecurityUtils.cs:line 52
         at AttcMN.Admin.SysLoginController.GetInfo() in D:\Project\ATTCAppLication\AttcMN.System\Controllers\SysLoginController.cs:line 77
         at lambda_method52(Closure, Object)
         at Microsoft.AspNetCore.Mvc.Infrastructure.ActionMethodExecutor.AwaitableObjectResultExecutor.Execute(ActionContext actionContext, IActionResultTypeMapper mapper, ObjectMethodExecutor executor, Object controller, Object[] arguments)
         at Microsoft.AspNetCore.Mvc.Infrastructure.ControllerActionInvoker.<InvokeActionMethodAsync>g__Logged|12_1(ControllerActionInvoker invoker)
         at Microsoft.AspNetCore.Mvc.Infrastructure.ControllerActionInvoker.<InvokeNextActionFilterAsync>g__Awaited|10_0(ControllerActionInvoker invoker, Task lastTask, State next, Scope scope, Object state, Boolean isCompleted)
         at Microsoft.AspNetCore.Mvc.Infrastructure.ControllerActionInvoker.Rethrow(ActionExecutedContextSealed context)
         at Microsoft.AspNetCore.Mvc.Infrastructure.ControllerActionInvoker.Next(State& next, Scope& scope, Object& state, Boolean& isCompleted)
         at Microsoft.AspNetCore.Mvc.Infrastructure.ControllerActionInvoker.InvokeInnerFilterAsync()
      --- End of stack trace from previous location ---
         at Microsoft.AspNetCore.Mvc.Infrastructure.ResourceInvoker.<InvokeNextExceptionFilterAsync>g__Awaited|26_0(ResourceInvoker invoker, Task lastTask, State next, Scope scope, Object state, Boolean isCompleted)
      ++++++++++++++++++++++++++++++++++++++++++++++++++++++++
fail: 2025-11-06 15:30:43.1998103 +07:00 Thursday L System.Logging.LoggingMonitor[0] #40
      ┏━━━━━━━━━━━  Logging Monitor ━━━━━━━━━━━
      ┣ AttcMN.Admin.SysLoginController.GetInfo
      ┣ 
      ┣ 控制器名称：                     SysLoginController
      ┣ 操作名称：                       GetInfo
      ┣ 显示名称：                       
      ┣ 路由信息：                       [area]: ; [controller]: SysLogin; [action]: GetInfo
      ┣ 请求方式：                       GET
      ┣ 请求地址：                       http://localhost:44326/getInfo
      ┣ 来源地址：                       http://localhost:50/
      ┣ 请求端源：                       client
      ┣ 浏览器标识：                     Mozilla/5.0 (Windows NT 10.0; Win64; x64) AppleWebKit/537.36 (KHTML, like Gecko) Chrome/141.0.0.0 Safari/537.36
      ┣ 客户端区域语言：                 en-US,en;q=0.9,vi;q=0.8
      ┣ 客户端 IP 地址：                 127.0.0.1
      ┣ 服务端 IP 地址：                 127.0.0.1
      ┣ 客户端连接 ID：                  00-42220f682609ab616b4143b903c09ed3-c2e6631fde2ea1cf-00
      ┣ 服务线程 ID：                    #40
      ┣ 执行耗时：                       68ms
      ┣ ━━━━━━━━━━━━━━━  Cookies ━━━━━━━━━━━━━━━
      ┣ 请求端：                         lang=en; Hm_lvt_3824e56a483ef95673d119166354712c=1761450141; .AspNetCore.Identity.Application=CfDJ8A_pruwfiuBFp_pFvYUTjgSCWWfo3Z47qZAjJE7FoJwOBU7JrpJzjuolrAeFzEwbNF5VkEIkB1K7Xw8YY4ADMgafZlElHia02YYyFnD-DqFWWHndOLt8TtLTDC_nf2LjPK2Z8uOezwyLZaxqTkKYswBf2vdQbBhP2xxqTk2yel9bdUSGdUsU5gDbVhvuu3HjxQefiZLg4UvttRgQzHMrvKpPNo7Zi2Cs3i-ZnSkjK8xID6zNmWmIpocuEQU1m05bo8bl0PbouQEKWEj8T_McPUiAB6Wsbx1CYIH_dyaxvfwSc8jVqNrfUwiOtL8HSeXuhgflYVo-E0Lw15XV8QBycaFNSdjokmWmtzx_o5_yUZBIbl64PKw64RA296cSOBL2FjxrIIALZkH7qUvHi4kJUM3LOJ9gVwaVBtWf_XTz2qJJ2HYT4JU7GNzu2bc8VeseFZoJ7S4Q04cdiz0M_ha96WcTbJ7g4btRGt1OPl0X4DcFAUh5lZmiB-Fkt1SwmyVzD23oy2CFzJ8_a_P_J00S2RRdWzWuQLil2ePO_jQeTtYAuykK-uECd3pZTukdqrxynJEMZp61pcElQQ22qJmNMhGjmHrZ10V4oqt4TgiYeVWC99-udGrZL9sbrjyvzppfag9xuPEav4b_gofla2vHe2pboyxEL0cTvAmIvP5sPa5UVgV_F_3Di_y5ehMswQjnwX0Q6inKFnKyN0cfqrpURWi_VPGZbICp37SjSCfo2LJMzYZ9H8rUKkBk_bBOfO5GLswRvsUgmmivB3dmrlIg9fxE_FIveH84nfU7E6XAlpzOPd0iLrufYDFAzSFh1xPHADIgiZwNzeuGylg0DOHc1MY; rememberMe=true; username=admin; CurrentLanguageATTW=zh-tw; password=E8P+9KyP0i4gF3G/7cZFvhZgi0wrgANOEl2QwAo1H9sspjSKN9x+P5oJ8AiVAF14AuzYT9yhXhzKRaC8lNgk3g==; Admin-Token=eyJhbGciOiJIUzI1NiIsInR5cCI6IkpXVCJ9.eyJsb2dpbl91c2VyX2tleSI6ImI1ZDMzNDgxLTc3ZWEtNDAxMC05YzBkLTI5NWYyNTMxZGVjYiIsIlVzZXJJZCI6MSwiVXNlck5hbWUiOiJhZG1pbiIsIkRlcHRJZCI6MTAzLCJleHAiOjE3NjMwMDI2NjEsImlhdCI6MTc2MjM5Nzg2MSwibmJmIjoxNzYyMzk3ODYxLCJpc3MiOiJydW95aS5uZXQuaXNzdWVyIiwiYXVkIjoicnVveWkubmV0LmF1ZGllbmNlIn0.kVein-dAj-eSr9fkNVM8R0Dp9YbCHBiEStX3lk1x7nM
      ┣ 响应端：                         
      ┣ ━━━━━━━━━━━━━━━  系统信息 ━━━━━━━━━━━━━━━
      ┣ 系统名称：                       Microsoft Windows 10.0.26200
      ┣ 系统架构：                       X64
      ┣ 基础框架：                       AttcMN.Framework v1.0.0.0
      ┣ .NET 架构：                      .NET 8.0.21
      ┣ ━━━━━━━━━━━━━━━  启动信息 ━━━━━━━━━━━━━━━
      ┣ 运行环境：                       Development
      ┣ 启动程序集：                     AttcMN.Admin
      ┣ 进程名称：                       iisexpress
      ┣ 托管程序：                       iisexpress
      ┣ ━━━━━━━━━━━━━━━  授权信息 ━━━━━━━━━━━━━━━
      ┣ JWT Token：                      Bearer eyJhbGciOiJIUzI1NiIsInR5cCI6IkpXVCJ9.eyJsb2dpbl91c2VyX2tleSI6ImI1ZDMzNDgxLTc3ZWEtNDAxMC05YzBkLTI5NWYyNTMxZGVjYiIsIlVzZXJJZCI6MSwiVXNlck5hbWUiOiJhZG1pbiIsIkRlcHRJZCI6MTAzLCJleHAiOjE3NjMwMDI2NjEsImlhdCI6MTc2MjM5Nzg2MSwibmJmIjoxNzYyMzk3ODYxLCJpc3MiOiJydW95aS5uZXQuaXNzdWVyIiwiYXVkIjoicnVveWkubmV0LmF1ZGllbmNlIn0.kVein-dAj-eSr9fkNVM8R0Dp9YbCHBiEStX3lk1x7nM
      ┣ 
      ┣ login_user_key (string)：        b5d33481-77ea-4010-9c0d-295f2531decb
      ┣ UserId (integer32)：             1
      ┣ UserName (string)：              admin
      ┣ DeptId (integer32)：             103
      ┣ exp (integer64)：                1763002661 (2025-11-13 09:57:41:0000(+07:00) Thursday L)
      ┣ iat (integer64)：                1762397861 (2025-11-06 09:57:41:0000(+07:00) Thursday L)
      ┣ nbf (integer64)：                1762397861 (2025-11-06 09:57:41:0000(+07:00) Thursday L)
      ┣ iss (string)：                   ruoyi.net.issuer
      ┣ aud (string)：                   ruoyi.net.audience
      ┣ ━━━━━━━━━━━━━━━  请求头信息 ━━━━━━━━━━━━━━━
      ┣ 
      ┣ Accept：                         application/json, text/plain, */*
      ┣ Accept-Encoding：                gzip, deflate, br, zstd
      ┣ Accept-Language：                en-US,en;q=0.9,vi;q=0.8
      ┣ Authorization：                  Bearer eyJhbGciOiJIUzI1NiIsInR5cCI6IkpXVCJ9.eyJsb2dpbl91c2VyX2tleSI6ImI1ZDMzNDgxLTc3ZWEtNDAxMC05YzBkLTI5NWYyNTMxZGVjYiIsIlVzZXJJZCI6MSwiVXNlck5hbWUiOiJhZG1pbiIsIkRlcHRJZCI6MTAzLCJleHAiOjE3NjMwMDI2NjEsImlhdCI6MTc2MjM5Nzg2MSwibmJmIjoxNzYyMzk3ODYxLCJpc3MiOiJydW95aS5uZXQuaXNzdWVyIiwiYXVkIjoicnVveWkubmV0LmF1ZGllbmNlIn0.kVein-dAj-eSr9fkNVM8R0Dp9YbCHBiEStX3lk1x7nM
      ┣ Connection：                     close
      ┣ Cookie：                         lang=en; Hm_lvt_3824e56a483ef95673d119166354712c=1761450141; .AspNetCore.Identity.Application=CfDJ8A_pruwfiuBFp_pFvYUTjgSCWWfo3Z47qZAjJE7FoJwOBU7JrpJzjuolrAeFzEwbNF5VkEIkB1K7Xw8YY4ADMgafZlElHia02YYyFnD-DqFWWHndOLt8TtLTDC_nf2LjPK2Z8uOezwyLZaxqTkKYswBf2vdQbBhP2xxqTk2yel9bdUSGdUsU5gDbVhvuu3HjxQefiZLg4UvttRgQzHMrvKpPNo7Zi2Cs3i-ZnSkjK8xID6zNmWmIpocuEQU1m05bo8bl0PbouQEKWEj8T_McPUiAB6Wsbx1CYIH_dyaxvfwSc8jVqNrfUwiOtL8HSeXuhgflYVo-E0Lw15XV8QBycaFNSdjokmWmtzx_o5_yUZBIbl64PKw64RA296cSOBL2FjxrIIALZkH7qUvHi4kJUM3LOJ9gVwaVBtWf_XTz2qJJ2HYT4JU7GNzu2bc8VeseFZoJ7S4Q04cdiz0M_ha96WcTbJ7g4btRGt1OPl0X4DcFAUh5lZmiB-Fkt1SwmyVzD23oy2CFzJ8_a_P_J00S2RRdWzWuQLil2ePO_jQeTtYAuykK-uECd3pZTukdqrxynJEMZp61pcElQQ22qJmNMhGjmHrZ10V4oqt4TgiYeVWC99-udGrZL9sbrjyvzppfag9xuPEav4b_gofla2vHe2pboyxEL0cTvAmIvP5sPa5UVgV_F_3Di_y5ehMswQjnwX0Q6inKFnKyN0cfqrpURWi_VPGZbICp37SjSCfo2LJMzYZ9H8rUKkBk_bBOfO5GLswRvsUgmmivB3dmrlIg9fxE_FIveH84nfU7E6XAlpzOPd0iLrufYDFAzSFh1xPHADIgiZwNzeuGylg0DOHc1MY; rememberMe=true; username=admin; CurrentLanguageATTW=zh-tw; password=E8P+9KyP0i4gF3G/7cZFvhZgi0wrgANOEl2QwAo1H9sspjSKN9x+P5oJ8AiVAF14AuzYT9yhXhzKRaC8lNgk3g==; Admin-Token=eyJhbGciOiJIUzI1NiIsInR5cCI6IkpXVCJ9.eyJsb2dpbl91c2VyX2tleSI6ImI1ZDMzNDgxLTc3ZWEtNDAxMC05YzBkLTI5NWYyNTMxZGVjYiIsIlVzZXJJZCI6MSwiVXNlck5hbWUiOiJhZG1pbiIsIkRlcHRJZCI6MTAzLCJleHAiOjE3NjMwMDI2NjEsImlhdCI6MTc2MjM5Nzg2MSwibmJmIjoxNzYyMzk3ODYxLCJpc3MiOiJydW95aS5uZXQuaXNzdWVyIiwiYXVkIjoicnVveWkubmV0LmF1ZGllbmNlIn0.kVein-dAj-eSr9fkNVM8R0Dp9YbCHBiEStX3lk1x7nM
      ┣ Host：                           localhost:44326
      ┣ Referer：                        http://localhost:50/
      ┣ User-Agent：                     Mozilla/5.0 (Windows NT 10.0; Win64; x64) AppleWebKit/537.36 (KHTML, like Gecko) Chrome/141.0.0.0 Safari/537.36
      ┣ x-forwarded-host：               localhost:50
      ┣ x-forwarded-port：               50
      ┣ X-Original-Proto：               https
      ┣ sec-fetch-dest：                 empty
      ┣ sec-fetch-mode：                 cors
      ┣ sec-fetch-site：                 same-origin
      ┣ sec-ch-ua-mobile：               ?0
      ┣ sec-ch-ua：                      "Google Chrome";v="141", "Not?A_Brand";v="8", "Chromium";v="141"
      ┣ sec-ch-ua-platform：             "Windows"
      ┣ X-Original-For：                 127.0.0.1:57773
      ┣ ━━━━━━━━━━━━━━━  返回信息 ━━━━━━━━━━━━━━━
      ┣ HTTP响应状态码：                 200
      ┣ 原始类型：                       System.Threading.Tasks.Task<AttcMN.Framework.AjaxResult>
      ┣ 最终类型：                       
      ┣ 最终返回值：                     null
      ┣ ━━━━━━━━━━━━━━━  异常信息 ━━━━━━━━━━━━━━━
      ┣ 类型：                           AttcMN.Framework.Exceptions.ServiceException
      ┣ 消息：                           获取用户信息异常
      ┣ 错误堆栈：                       at AttcMN.Common.Utils.SecurityUtils.GetLoginUser() in D:\Project\ATTCAppLication\AttcMN.Common\Utils\SecurityUtils.cs:line 52
         at AttcMN.Admin.SysLoginController.GetInfo() in D:\Project\ATTCAppLication\AttcMN.System\Controllers\SysLoginController.cs:line 77
         at lambda_method52(Closure, Object)
         at Microsoft.AspNetCore.Mvc.Infrastructure.ActionMethodExecutor.AwaitableObjectResultExecutor.Execute(ActionContext actionContext, IActionResultTypeMapper mapper, ObjectMethodExecutor executor, Object controller, Object[] arguments)
         at Microsoft.AspNetCore.Mvc.Infrastructure.ControllerActionInvoker.<InvokeActionMethodAsync>g__Logged|12_1(ControllerActionInvoker invoker)
         at Microsoft.AspNetCore.Mvc.Infrastructure.ControllerActionInvoker.<InvokeNextActionFilterAsync>g__Awaited|10_0(ControllerActionInvoker invoker, Task lastTask, State next, Scope scope, Object state, Boolean isCompleted)
      ┗━━━━━━━━━━━  Logging Monitor ━━━━━━━━━━━      
      ++++++++++++++++++++++++++++++++++++++++++++++++++++++++
      AttcMN.Framework.Exceptions.ServiceException: 获取用户信息异常
         at AttcMN.Common.Utils.SecurityUtils.GetLoginUser() in D:\Project\ATTCAppLication\AttcMN.Common\Utils\SecurityUtils.cs:line 52
         at AttcMN.Admin.SysLoginController.GetInfo() in D:\Project\ATTCAppLication\AttcMN.System\Controllers\SysLoginController.cs:line 77
         at lambda_method52(Closure, Object)
         at Microsoft.AspNetCore.Mvc.Infrastructure.ActionMethodExecutor.AwaitableObjectResultExecutor.Execute(ActionContext actionContext, IActionResultTypeMapper mapper, ObjectMethodExecutor executor, Object controller, Object[] arguments)
         at Microsoft.AspNetCore.Mvc.Infrastructure.ControllerActionInvoker.<InvokeActionMethodAsync>g__Logged|12_1(ControllerActionInvoker invoker)
         at Microsoft.AspNetCore.Mvc.Infrastructure.ControllerActionInvoker.<InvokeNextActionFilterAsync>g__Awaited|10_0(ControllerActionInvoker invoker, Task lastTask, State next, Scope scope, Object state, Boolean isCompleted)
      ++++++++++++++++++++++++++++++++++++++++++++++++++++++++
fail: 2025-11-06 15:30:43.2031500 +07:00 Thursday L AttcMN.Framework.Filters.GlobalExceptionFilter[0] #40
      GlobalException      
      ++++++++++++++++++++++++++++++++++++++++++++++++++++++++
      AttcMN.Framework.Exceptions.ServiceException: 获取用户信息异常
         at AttcMN.Common.Utils.SecurityUtils.GetLoginUser() in D:\Project\ATTCAppLication\AttcMN.Common\Utils\SecurityUtils.cs:line 52
         at AttcMN.Admin.SysLoginController.GetInfo() in D:\Project\ATTCAppLication\AttcMN.System\Controllers\SysLoginController.cs:line 77
         at lambda_method52(Closure, Object)
         at Microsoft.AspNetCore.Mvc.Infrastructure.ActionMethodExecutor.AwaitableObjectResultExecutor.Execute(ActionContext actionContext, IActionResultTypeMapper mapper, ObjectMethodExecutor executor, Object controller, Object[] arguments)
         at Microsoft.AspNetCore.Mvc.Infrastructure.ControllerActionInvoker.<InvokeActionMethodAsync>g__Logged|12_1(ControllerActionInvoker invoker)
         at Microsoft.AspNetCore.Mvc.Infrastructure.ControllerActionInvoker.<InvokeNextActionFilterAsync>g__Awaited|10_0(ControllerActionInvoker invoker, Task lastTask, State next, Scope scope, Object state, Boolean isCompleted)
         at Microsoft.AspNetCore.Mvc.Infrastructure.ControllerActionInvoker.Rethrow(ActionExecutedContextSealed context)
         at Microsoft.AspNetCore.Mvc.Infrastructure.ControllerActionInvoker.Next(State& next, Scope& scope, Object& state, Boolean& isCompleted)
         at Microsoft.AspNetCore.Mvc.Infrastructure.ControllerActionInvoker.InvokeInnerFilterAsync()
      --- End of stack trace from previous location ---
         at Microsoft.AspNetCore.Mvc.Infrastructure.ResourceInvoker.<InvokeNextExceptionFilterAsync>g__Awaited|26_0(ResourceInvoker invoker, Task lastTask, State next, Scope scope, Object state, Boolean isCompleted)
      ++++++++++++++++++++++++++++++++++++++++++++++++++++++++
fail: 2025-11-06 15:35:43.5433564 +07:00 Thursday L System.Logging.LoggingMonitor[0] #57
      ┏━━━━━━━━━━━  Logging Monitor ━━━━━━━━━━━
      ┣ AttcMN.Admin.SysLoginController.Login
      ┣ 
      ┣ 控制器名称：                   SysLoginController
      ┣ 操作名称：                     Login
      ┣ 显示名称：                     
      ┣ 路由信息：                     [area]: ; [controller]: SysLogin; [action]: Login
      ┣ 请求方式：                     POST
      ┣ 请求地址：                     http://localhost:44326/login
      ┣ 来源地址：                     http://localhost:50/login?redirect=/index
      ┣ 请求端源：                     client
      ┣ 浏览器标识：                   Mozilla/5.0 (Windows NT 10.0; Win64; x64) AppleWebKit/537.36 (KHTML, like Gecko) Chrome/141.0.0.0 Safari/537.36
      ┣ 客户端区域语言：               en-US,en;q=0.9,vi;q=0.8
      ┣ 客户端 IP 地址：               127.0.0.1
      ┣ 服务端 IP 地址：               127.0.0.1
      ┣ 客户端连接 ID：                00-b620105167432afe1fca846a110922b1-f53c2b81da44c939-00
      ┣ 服务线程 ID：                  #52
      ┣ 执行耗时：                     104ms
      ┣ ━━━━━━━━━━━━━━━  Cookies ━━━━━━━━━━━━━━━
      ┣ 请求端：                       lang=en; Hm_lvt_3824e56a483ef95673d119166354712c=1761450141; .AspNetCore.Identity.Application=CfDJ8A_pruwfiuBFp_pFvYUTjgSCWWfo3Z47qZAjJE7FoJwOBU7JrpJzjuolrAeFzEwbNF5VkEIkB1K7Xw8YY4ADMgafZlElHia02YYyFnD-DqFWWHndOLt8TtLTDC_nf2LjPK2Z8uOezwyLZaxqTkKYswBf2vdQbBhP2xxqTk2yel9bdUSGdUsU5gDbVhvuu3HjxQefiZLg4UvttRgQzHMrvKpPNo7Zi2Cs3i-ZnSkjK8xID6zNmWmIpocuEQU1m05bo8bl0PbouQEKWEj8T_McPUiAB6Wsbx1CYIH_dyaxvfwSc8jVqNrfUwiOtL8HSeXuhgflYVo-E0Lw15XV8QBycaFNSdjokmWmtzx_o5_yUZBIbl64PKw64RA296cSOBL2FjxrIIALZkH7qUvHi4kJUM3LOJ9gVwaVBtWf_XTz2qJJ2HYT4JU7GNzu2bc8VeseFZoJ7S4Q04cdiz0M_ha96WcTbJ7g4btRGt1OPl0X4DcFAUh5lZmiB-Fkt1SwmyVzD23oy2CFzJ8_a_P_J00S2RRdWzWuQLil2ePO_jQeTtYAuykK-uECd3pZTukdqrxynJEMZp61pcElQQ22qJmNMhGjmHrZ10V4oqt4TgiYeVWC99-udGrZL9sbrjyvzppfag9xuPEav4b_gofla2vHe2pboyxEL0cTvAmIvP5sPa5UVgV_F_3Di_y5ehMswQjnwX0Q6inKFnKyN0cfqrpURWi_VPGZbICp37SjSCfo2LJMzYZ9H8rUKkBk_bBOfO5GLswRvsUgmmivB3dmrlIg9fxE_FIveH84nfU7E6XAlpzOPd0iLrufYDFAzSFh1xPHADIgiZwNzeuGylg0DOHc1MY; rememberMe=true; CurrentLanguageATTW=zh-tw; username=ry; password=GU6Bv3ezVVq2gGuGv1BI06hFfXseoBQRC7CegJ1XFFKw5ASo8S+S5M2bMESpzBCRHqDAw1lNCvegjY3gP/ggqQ==
      ┣ 响应端：                       
      ┣ ━━━━━━━━━━━━━━━  系统信息 ━━━━━━━━━━━━━━━
      ┣ 系统名称：                     Microsoft Windows 10.0.26200
      ┣ 系统架构：                     X64
      ┣ 基础框架：                     AttcMN.Framework v1.0.0.0
      ┣ .NET 架构：                    .NET 8.0.21
      ┣ ━━━━━━━━━━━━━━━  启动信息 ━━━━━━━━━━━━━━━
      ┣ 运行环境：                     Development
      ┣ 启动程序集：                   AttcMN.Admin
      ┣ 进程名称：                     iisexpress
      ┣ 托管程序：                     iisexpress
      ┣ ━━━━━━━━━━━━━━━  请求头信息 ━━━━━━━━━━━━━━━
      ┣ 
      ┣ Accept：                       application/json, text/plain, */*
      ┣ Accept-Encoding：              gzip, deflate, br, zstd
      ┣ Accept-Language：              en-US,en;q=0.9,vi;q=0.8
      ┣ Connection：                   close
      ┣ Content-Length：               96
      ┣ Content-Type：                 application/json;charset=UTF-8
      ┣ Cookie：                       lang=en; Hm_lvt_3824e56a483ef95673d119166354712c=1761450141; .AspNetCore.Identity.Application=CfDJ8A_pruwfiuBFp_pFvYUTjgSCWWfo3Z47qZAjJE7FoJwOBU7JrpJzjuolrAeFzEwbNF5VkEIkB1K7Xw8YY4ADMgafZlElHia02YYyFnD-DqFWWHndOLt8TtLTDC_nf2LjPK2Z8uOezwyLZaxqTkKYswBf2vdQbBhP2xxqTk2yel9bdUSGdUsU5gDbVhvuu3HjxQefiZLg4UvttRgQzHMrvKpPNo7Zi2Cs3i-ZnSkjK8xID6zNmWmIpocuEQU1m05bo8bl0PbouQEKWEj8T_McPUiAB6Wsbx1CYIH_dyaxvfwSc8jVqNrfUwiOtL8HSeXuhgflYVo-E0Lw15XV8QBycaFNSdjokmWmtzx_o5_yUZBIbl64PKw64RA296cSOBL2FjxrIIALZkH7qUvHi4kJUM3LOJ9gVwaVBtWf_XTz2qJJ2HYT4JU7GNzu2bc8VeseFZoJ7S4Q04cdiz0M_ha96WcTbJ7g4btRGt1OPl0X4DcFAUh5lZmiB-Fkt1SwmyVzD23oy2CFzJ8_a_P_J00S2RRdWzWuQLil2ePO_jQeTtYAuykK-uECd3pZTukdqrxynJEMZp61pcElQQ22qJmNMhGjmHrZ10V4oqt4TgiYeVWC99-udGrZL9sbrjyvzppfag9xuPEav4b_gofla2vHe2pboyxEL0cTvAmIvP5sPa5UVgV_F_3Di_y5ehMswQjnwX0Q6inKFnKyN0cfqrpURWi_VPGZbICp37SjSCfo2LJMzYZ9H8rUKkBk_bBOfO5GLswRvsUgmmivB3dmrlIg9fxE_FIveH84nfU7E6XAlpzOPd0iLrufYDFAzSFh1xPHADIgiZwNzeuGylg0DOHc1MY; rememberMe=true; CurrentLanguageATTW=zh-tw; username=ry; password=GU6Bv3ezVVq2gGuGv1BI06hFfXseoBQRC7CegJ1XFFKw5ASo8S+S5M2bMESpzBCRHqDAw1lNCvegjY3gP/ggqQ==
      ┣ Host：                         localhost:44326
      ┣ Referer：                      http://localhost:50/login?redirect=%2Findex
      ┣ User-Agent：                   Mozilla/5.0 (Windows NT 10.0; Win64; x64) AppleWebKit/537.36 (KHTML, like Gecko) Chrome/141.0.0.0 Safari/537.36
      ┣ x-forwarded-host：             localhost:50
      ┣ x-forwarded-port：             50
      ┣ X-Original-Proto：             https
      ┣ sec-fetch-dest：               empty
      ┣ sec-fetch-mode：               cors
      ┣ sec-fetch-site：               same-origin
      ┣ origin：                       http://localhost:50
      ┣ sec-ch-ua-mobile：             ?0
      ┣ istoken：                      false
      ┣ sec-ch-ua：                    "Google Chrome";v="141", "Not?A_Brand";v="8", "Chromium";v="141"
      ┣ sec-ch-ua-platform：           "Windows"
      ┣ X-Original-For：               127.0.0.1:58247
      ┣ ━━━━━━━━━━━━━━━  参数列表 ━━━━━━━━━━━━━━━
      ┣ Content-Type：                 application/json;charset=UTF-8
      ┣ 
      ┣ loginBody (LoginBody)：        {"username":"ry","password":"admin123","code":"6","uuid":"5dc25642-f5ae-4c60-a060-72c88b394385"}
      ┣ ━━━━━━━━━━━━━━━  返回信息 ━━━━━━━━━━━━━━━
      ┣ HTTP响应状态码：               200
      ┣ 原始类型：                     System.Threading.Tasks.Task<AttcMN.Framework.AjaxResult>
      ┣ 最终类型：                     
      ┣ 最终返回值：                   null
      ┣ ━━━━━━━━━━━━━━━  异常信息 ━━━━━━━━━━━━━━━
      ┣ 类型：                         AttcMN.Framework.Exceptions.ServiceException
      ┣ 消息：                         用户不存在/密码错误
      ┣ 错误堆栈：                     at AttcMN.System.Services.SysPasswordService.Validate(String username, String password, SysUserDto user) in D:\Project\ATTCAppLication\AttcMN.System\Services\SysPasswordService.cs:line 65
         at AttcMN.System.Services.SysLoginService.CheckLoginUser(String username, String password, SysUserDto user) in D:\Project\ATTCAppLication\AttcMN.System\Services\SysLoginService.cs:line 86
         at AttcMN.System.Services.SysLoginService.LoginAsync(String username, String password, String code, String uuid) in D:\Project\ATTCAppLication\AttcMN.System\Services\SysLoginService.cs:line 55
         at AttcMN.Admin.SysLoginController.Login(LoginBody loginBody) in D:\Project\ATTCAppLication\AttcMN.System\Controllers\SysLoginController.cs:line 45
         at lambda_method86(Closure, Object)
         at Microsoft.AspNetCore.Mvc.Infrastructure.ActionMethodExecutor.AwaitableObjectResultExecutor.Execute(ActionContext actionContext, IActionResultTypeMapper mapper, ObjectMethodExecutor executor, Object controller, Object[] arguments)
         at Microsoft.AspNetCore.Mvc.Infrastructure.ControllerActionInvoker.<InvokeActionMethodAsync>g__Logged|12_1(ControllerActionInvoker invoker)
         at Microsoft.AspNetCore.Mvc.Infrastructure.ControllerActionInvoker.<InvokeNextActionFilterAsync>g__Awaited|10_0(ControllerActionInvoker invoker, Task lastTask, State next, Scope scope, Object state, Boolean isCompleted)
      ┗━━━━━━━━━━━  Logging Monitor ━━━━━━━━━━━      
      ++++++++++++++++++++++++++++++++++++++++++++++++++++++++
      AttcMN.Framework.Exceptions.ServiceException: 用户不存在/密码错误
         at AttcMN.System.Services.SysPasswordService.Validate(String username, String password, SysUserDto user) in D:\Project\ATTCAppLication\AttcMN.System\Services\SysPasswordService.cs:line 65
         at AttcMN.System.Services.SysLoginService.CheckLoginUser(String username, String password, SysUserDto user) in D:\Project\ATTCAppLication\AttcMN.System\Services\SysLoginService.cs:line 86
         at AttcMN.System.Services.SysLoginService.LoginAsync(String username, String password, String code, String uuid) in D:\Project\ATTCAppLication\AttcMN.System\Services\SysLoginService.cs:line 55
         at AttcMN.Admin.SysLoginController.Login(LoginBody loginBody) in D:\Project\ATTCAppLication\AttcMN.System\Controllers\SysLoginController.cs:line 45
         at lambda_method86(Closure, Object)
         at Microsoft.AspNetCore.Mvc.Infrastructure.ActionMethodExecutor.AwaitableObjectResultExecutor.Execute(ActionContext actionContext, IActionResultTypeMapper mapper, ObjectMethodExecutor executor, Object controller, Object[] arguments)
         at Microsoft.AspNetCore.Mvc.Infrastructure.ControllerActionInvoker.<InvokeActionMethodAsync>g__Logged|12_1(ControllerActionInvoker invoker)
         at Microsoft.AspNetCore.Mvc.Infrastructure.ControllerActionInvoker.<InvokeNextActionFilterAsync>g__Awaited|10_0(ControllerActionInvoker invoker, Task lastTask, State next, Scope scope, Object state, Boolean isCompleted)
      ++++++++++++++++++++++++++++++++++++++++++++++++++++++++
fail: 2025-11-06 15:35:43.5470332 +07:00 Thursday L AttcMN.Framework.Filters.GlobalExceptionFilter[0] #57
      GlobalException      
      ++++++++++++++++++++++++++++++++++++++++++++++++++++++++
      AttcMN.Framework.Exceptions.ServiceException: 用户不存在/密码错误
         at AttcMN.System.Services.SysPasswordService.Validate(String username, String password, SysUserDto user) in D:\Project\ATTCAppLication\AttcMN.System\Services\SysPasswordService.cs:line 65
         at AttcMN.System.Services.SysLoginService.CheckLoginUser(String username, String password, SysUserDto user) in D:\Project\ATTCAppLication\AttcMN.System\Services\SysLoginService.cs:line 86
         at AttcMN.System.Services.SysLoginService.LoginAsync(String username, String password, String code, String uuid) in D:\Project\ATTCAppLication\AttcMN.System\Services\SysLoginService.cs:line 55
         at AttcMN.Admin.SysLoginController.Login(LoginBody loginBody) in D:\Project\ATTCAppLication\AttcMN.System\Controllers\SysLoginController.cs:line 45
         at lambda_method86(Closure, Object)
         at Microsoft.AspNetCore.Mvc.Infrastructure.ActionMethodExecutor.AwaitableObjectResultExecutor.Execute(ActionContext actionContext, IActionResultTypeMapper mapper, ObjectMethodExecutor executor, Object controller, Object[] arguments)
         at Microsoft.AspNetCore.Mvc.Infrastructure.ControllerActionInvoker.<InvokeActionMethodAsync>g__Logged|12_1(ControllerActionInvoker invoker)
         at Microsoft.AspNetCore.Mvc.Infrastructure.ControllerActionInvoker.<InvokeNextActionFilterAsync>g__Awaited|10_0(ControllerActionInvoker invoker, Task lastTask, State next, Scope scope, Object state, Boolean isCompleted)
         at Microsoft.AspNetCore.Mvc.Infrastructure.ControllerActionInvoker.Rethrow(ActionExecutedContextSealed context)
         at Microsoft.AspNetCore.Mvc.Infrastructure.ControllerActionInvoker.Next(State& next, Scope& scope, Object& state, Boolean& isCompleted)
         at Microsoft.AspNetCore.Mvc.Infrastructure.ControllerActionInvoker.<InvokeInnerFilterAsync>g__Awaited|13_0(ControllerActionInvoker invoker, Task lastTask, State next, Scope scope, Object state, Boolean isCompleted)
         at Microsoft.AspNetCore.Mvc.Infrastructure.ResourceInvoker.<InvokeNextExceptionFilterAsync>g__Awaited|26_0(ResourceInvoker invoker, Task lastTask, State next, Scope scope, Object state, Boolean isCompleted)
      ++++++++++++++++++++++++++++++++++++++++++++++++++++++++
fail: 2025-11-06 16:49:04.9155784 +07:00 Thursday L System.Logging.LoggingMonitor[0] #10
      ┏━━━━━━━━━━━  Logging Monitor ━━━━━━━━━━━
      ┣ AttcMN.Admin.SysLoginController.GetInfo
      ┣ 
      ┣ 控制器名称：                     SysLoginController
      ┣ 操作名称：                       GetInfo
      ┣ 显示名称：                       
      ┣ 路由信息：                       [area]: ; [controller]: SysLogin; [action]: GetInfo
      ┣ 请求方式：                       GET
      ┣ 请求地址：                       http://localhost:44326/getInfo
      ┣ 来源地址：                       http://localhost:50/
      ┣ 请求端源：                       client
      ┣ 浏览器标识：                     Mozilla/5.0 (Windows NT 10.0; Win64; x64) AppleWebKit/537.36 (KHTML, like Gecko) Chrome/141.0.0.0 Safari/537.36
      ┣ 客户端区域语言：                 en-US,en;q=0.9,vi;q=0.8
      ┣ 客户端 IP 地址：                 127.0.0.1
      ┣ 服务端 IP 地址：                 127.0.0.1
      ┣ 客户端连接 ID：                  00-d0ef124d620724a03b09a3be59fb7c21-f674cf26033c447a-00
      ┣ 服务线程 ID：                    #10
      ┣ 执行耗时：                       1147ms
      ┣ ━━━━━━━━━━━━━━━  Cookies ━━━━━━━━━━━━━━━
      ┣ 请求端：                         lang=en; Hm_lvt_3824e56a483ef95673d119166354712c=1761450141; .AspNetCore.Identity.Application=CfDJ8A_pruwfiuBFp_pFvYUTjgSCWWfo3Z47qZAjJE7FoJwOBU7JrpJzjuolrAeFzEwbNF5VkEIkB1K7Xw8YY4ADMgafZlElHia02YYyFnD-DqFWWHndOLt8TtLTDC_nf2LjPK2Z8uOezwyLZaxqTkKYswBf2vdQbBhP2xxqTk2yel9bdUSGdUsU5gDbVhvuu3HjxQefiZLg4UvttRgQzHMrvKpPNo7Zi2Cs3i-ZnSkjK8xID6zNmWmIpocuEQU1m05bo8bl0PbouQEKWEj8T_McPUiAB6Wsbx1CYIH_dyaxvfwSc8jVqNrfUwiOtL8HSeXuhgflYVo-E0Lw15XV8QBycaFNSdjokmWmtzx_o5_yUZBIbl64PKw64RA296cSOBL2FjxrIIALZkH7qUvHi4kJUM3LOJ9gVwaVBtWf_XTz2qJJ2HYT4JU7GNzu2bc8VeseFZoJ7S4Q04cdiz0M_ha96WcTbJ7g4btRGt1OPl0X4DcFAUh5lZmiB-Fkt1SwmyVzD23oy2CFzJ8_a_P_J00S2RRdWzWuQLil2ePO_jQeTtYAuykK-uECd3pZTukdqrxynJEMZp61pcElQQ22qJmNMhGjmHrZ10V4oqt4TgiYeVWC99-udGrZL9sbrjyvzppfag9xuPEav4b_gofla2vHe2pboyxEL0cTvAmIvP5sPa5UVgV_F_3Di_y5ehMswQjnwX0Q6inKFnKyN0cfqrpURWi_VPGZbICp37SjSCfo2LJMzYZ9H8rUKkBk_bBOfO5GLswRvsUgmmivB3dmrlIg9fxE_FIveH84nfU7E6XAlpzOPd0iLrufYDFAzSFh1xPHADIgiZwNzeuGylg0DOHc1MY; rememberMe=true; CurrentLanguageATTW=zh-tw; username=admin; password=DKnLRuo+uGkVi0K+9BPBG/45hBb9NPiGgmGlJSnast2pDSWIUC6iKTBrwcym6FV6jPRkFyRgwgAwhNQhnobMxg==; Admin-Token=eyJhbGciOiJIUzI1NiIsInR5cCI6IkpXVCJ9.eyJsb2dpbl91c2VyX2tleSI6ImRjMTMwNGI2LThkYmUtNDdkYS1iYWIzLTU4OWRlNWU3ZmQyMCIsIlVzZXJJZCI6MSwiVXNlck5hbWUiOiJhZG1pbiIsIkRlcHRJZCI6MTAzLCJleHAiOjE3NjMwMjI5NDgsImlhdCI6MTc2MjQxODE0OCwibmJmIjoxNzYyNDE4MTQ4LCJpc3MiOiJydW95aS5uZXQuaXNzdWVyIiwiYXVkIjoicnVveWkubmV0LmF1ZGllbmNlIn0.0487RY9l1T0izyoVGXxSyYXjyovgwj_hDQPumNA6yuI
      ┣ 响应端：                         
      ┣ ━━━━━━━━━━━━━━━  系统信息 ━━━━━━━━━━━━━━━
      ┣ 系统名称：                       Microsoft Windows 10.0.26200
      ┣ 系统架构：                       X64
      ┣ 基础框架：                       AttcMN.Framework v1.0.0.0
      ┣ .NET 架构：                      .NET 8.0.21
      ┣ ━━━━━━━━━━━━━━━  启动信息 ━━━━━━━━━━━━━━━
      ┣ 运行环境：                       Development
      ┣ 启动程序集：                     AttcMN.Admin
      ┣ 进程名称：                       iisexpress
      ┣ 托管程序：                       iisexpress
      ┣ ━━━━━━━━━━━━━━━  授权信息 ━━━━━━━━━━━━━━━
      ┣ JWT Token：                      Bearer eyJhbGciOiJIUzI1NiIsInR5cCI6IkpXVCJ9.eyJsb2dpbl91c2VyX2tleSI6ImRjMTMwNGI2LThkYmUtNDdkYS1iYWIzLTU4OWRlNWU3ZmQyMCIsIlVzZXJJZCI6MSwiVXNlck5hbWUiOiJhZG1pbiIsIkRlcHRJZCI6MTAzLCJleHAiOjE3NjMwMjI5NDgsImlhdCI6MTc2MjQxODE0OCwibmJmIjoxNzYyNDE4MTQ4LCJpc3MiOiJydW95aS5uZXQuaXNzdWVyIiwiYXVkIjoicnVveWkubmV0LmF1ZGllbmNlIn0.0487RY9l1T0izyoVGXxSyYXjyovgwj_hDQPumNA6yuI
      ┣ 
      ┣ login_user_key (string)：        dc1304b6-8dbe-47da-bab3-589de5e7fd20
      ┣ UserId (integer32)：             1
      ┣ UserName (string)：              admin
      ┣ DeptId (integer32)：             103
      ┣ exp (integer64)：                1763022948 (2025-11-13 15:35:48:0000(+07:00) Thursday L)
      ┣ iat (integer64)：                1762418148 (2025-11-06 15:35:48:0000(+07:00) Thursday L)
      ┣ nbf (integer64)：                1762418148 (2025-11-06 15:35:48:0000(+07:00) Thursday L)
      ┣ iss (string)：                   ruoyi.net.issuer
      ┣ aud (string)：                   ruoyi.net.audience
      ┣ ━━━━━━━━━━━━━━━  请求头信息 ━━━━━━━━━━━━━━━
      ┣ 
      ┣ Accept：                         application/json, text/plain, */*
      ┣ Accept-Encoding：                gzip, deflate, br, zstd
      ┣ Accept-Language：                en-US,en;q=0.9,vi;q=0.8
      ┣ Authorization：                  Bearer eyJhbGciOiJIUzI1NiIsInR5cCI6IkpXVCJ9.eyJsb2dpbl91c2VyX2tleSI6ImRjMTMwNGI2LThkYmUtNDdkYS1iYWIzLTU4OWRlNWU3ZmQyMCIsIlVzZXJJZCI6MSwiVXNlck5hbWUiOiJhZG1pbiIsIkRlcHRJZCI6MTAzLCJleHAiOjE3NjMwMjI5NDgsImlhdCI6MTc2MjQxODE0OCwibmJmIjoxNzYyNDE4MTQ4LCJpc3MiOiJydW95aS5uZXQuaXNzdWVyIiwiYXVkIjoicnVveWkubmV0LmF1ZGllbmNlIn0.0487RY9l1T0izyoVGXxSyYXjyovgwj_hDQPumNA6yuI
      ┣ Connection：                     close
      ┣ Cookie：                         lang=en; Hm_lvt_3824e56a483ef95673d119166354712c=1761450141; .AspNetCore.Identity.Application=CfDJ8A_pruwfiuBFp_pFvYUTjgSCWWfo3Z47qZAjJE7FoJwOBU7JrpJzjuolrAeFzEwbNF5VkEIkB1K7Xw8YY4ADMgafZlElHia02YYyFnD-DqFWWHndOLt8TtLTDC_nf2LjPK2Z8uOezwyLZaxqTkKYswBf2vdQbBhP2xxqTk2yel9bdUSGdUsU5gDbVhvuu3HjxQefiZLg4UvttRgQzHMrvKpPNo7Zi2Cs3i-ZnSkjK8xID6zNmWmIpocuEQU1m05bo8bl0PbouQEKWEj8T_McPUiAB6Wsbx1CYIH_dyaxvfwSc8jVqNrfUwiOtL8HSeXuhgflYVo-E0Lw15XV8QBycaFNSdjokmWmtzx_o5_yUZBIbl64PKw64RA296cSOBL2FjxrIIALZkH7qUvHi4kJUM3LOJ9gVwaVBtWf_XTz2qJJ2HYT4JU7GNzu2bc8VeseFZoJ7S4Q04cdiz0M_ha96WcTbJ7g4btRGt1OPl0X4DcFAUh5lZmiB-Fkt1SwmyVzD23oy2CFzJ8_a_P_J00S2RRdWzWuQLil2ePO_jQeTtYAuykK-uECd3pZTukdqrxynJEMZp61pcElQQ22qJmNMhGjmHrZ10V4oqt4TgiYeVWC99-udGrZL9sbrjyvzppfag9xuPEav4b_gofla2vHe2pboyxEL0cTvAmIvP5sPa5UVgV_F_3Di_y5ehMswQjnwX0Q6inKFnKyN0cfqrpURWi_VPGZbICp37SjSCfo2LJMzYZ9H8rUKkBk_bBOfO5GLswRvsUgmmivB3dmrlIg9fxE_FIveH84nfU7E6XAlpzOPd0iLrufYDFAzSFh1xPHADIgiZwNzeuGylg0DOHc1MY; rememberMe=true; CurrentLanguageATTW=zh-tw; username=admin; password=DKnLRuo+uGkVi0K+9BPBG/45hBb9NPiGgmGlJSnast2pDSWIUC6iKTBrwcym6FV6jPRkFyRgwgAwhNQhnobMxg==; Admin-Token=eyJhbGciOiJIUzI1NiIsInR5cCI6IkpXVCJ9.eyJsb2dpbl91c2VyX2tleSI6ImRjMTMwNGI2LThkYmUtNDdkYS1iYWIzLTU4OWRlNWU3ZmQyMCIsIlVzZXJJZCI6MSwiVXNlck5hbWUiOiJhZG1pbiIsIkRlcHRJZCI6MTAzLCJleHAiOjE3NjMwMjI5NDgsImlhdCI6MTc2MjQxODE0OCwibmJmIjoxNzYyNDE4MTQ4LCJpc3MiOiJydW95aS5uZXQuaXNzdWVyIiwiYXVkIjoicnVveWkubmV0LmF1ZGllbmNlIn0.0487RY9l1T0izyoVGXxSyYXjyovgwj_hDQPumNA6yuI
      ┣ Host：                           localhost:44326
      ┣ Referer：                        http://localhost:50/
      ┣ User-Agent：                     Mozilla/5.0 (Windows NT 10.0; Win64; x64) AppleWebKit/537.36 (KHTML, like Gecko) Chrome/141.0.0.0 Safari/537.36
      ┣ x-forwarded-host：               localhost:50
      ┣ x-forwarded-port：               50
      ┣ X-Original-Proto：               https
      ┣ sec-fetch-dest：                 empty
      ┣ sec-fetch-mode：                 cors
      ┣ sec-fetch-site：                 same-origin
      ┣ sec-ch-ua-mobile：               ?0
      ┣ sec-ch-ua：                      "Google Chrome";v="141", "Not?A_Brand";v="8", "Chromium";v="141"
      ┣ sec-ch-ua-platform：             "Windows"
      ┣ X-Original-For：                 127.0.0.1:55520
      ┣ ━━━━━━━━━━━━━━━  返回信息 ━━━━━━━━━━━━━━━
      ┣ HTTP响应状态码：                 200
      ┣ 原始类型：                       System.Threading.Tasks.Task<AttcMN.Framework.AjaxResult>
      ┣ 最终类型：                       
      ┣ 最终返回值：                     null
      ┣ ━━━━━━━━━━━━━━━  异常信息 ━━━━━━━━━━━━━━━
      ┣ 类型：                           AttcMN.Framework.Exceptions.ServiceException
      ┣ 消息：                           获取用户信息异常
      ┣ 错误堆栈：                       at AttcMN.Common.Utils.SecurityUtils.GetLoginUser() in D:\Project\ATTCAppLication\AttcMN.Common\Utils\SecurityUtils.cs:line 52
         at AttcMN.Admin.SysLoginController.GetInfo() in D:\Project\ATTCAppLication\AttcMN.System\Controllers\SysLoginController.cs:line 80
         at lambda_method35(Closure, Object)
         at Microsoft.AspNetCore.Mvc.Infrastructure.ActionMethodExecutor.AwaitableObjectResultExecutor.Execute(ActionContext actionContext, IActionResultTypeMapper mapper, ObjectMethodExecutor executor, Object controller, Object[] arguments)
         at Microsoft.AspNetCore.Mvc.Infrastructure.ControllerActionInvoker.<InvokeActionMethodAsync>g__Logged|12_1(ControllerActionInvoker invoker)
         at Microsoft.AspNetCore.Mvc.Infrastructure.ControllerActionInvoker.<InvokeNextActionFilterAsync>g__Awaited|10_0(ControllerActionInvoker invoker, Task lastTask, State next, Scope scope, Object state, Boolean isCompleted)
      ┗━━━━━━━━━━━  Logging Monitor ━━━━━━━━━━━      
      ++++++++++++++++++++++++++++++++++++++++++++++++++++++++
      AttcMN.Framework.Exceptions.ServiceException: 获取用户信息异常
         at AttcMN.Common.Utils.SecurityUtils.GetLoginUser() in D:\Project\ATTCAppLication\AttcMN.Common\Utils\SecurityUtils.cs:line 52
         at AttcMN.Admin.SysLoginController.GetInfo() in D:\Project\ATTCAppLication\AttcMN.System\Controllers\SysLoginController.cs:line 80
         at lambda_method35(Closure, Object)
         at Microsoft.AspNetCore.Mvc.Infrastructure.ActionMethodExecutor.AwaitableObjectResultExecutor.Execute(ActionContext actionContext, IActionResultTypeMapper mapper, ObjectMethodExecutor executor, Object controller, Object[] arguments)
         at Microsoft.AspNetCore.Mvc.Infrastructure.ControllerActionInvoker.<InvokeActionMethodAsync>g__Logged|12_1(ControllerActionInvoker invoker)
         at Microsoft.AspNetCore.Mvc.Infrastructure.ControllerActionInvoker.<InvokeNextActionFilterAsync>g__Awaited|10_0(ControllerActionInvoker invoker, Task lastTask, State next, Scope scope, Object state, Boolean isCompleted)
      ++++++++++++++++++++++++++++++++++++++++++++++++++++++++
fail: 2025-11-06 16:49:04.9205541 +07:00 Thursday L AttcMN.Framework.Filters.GlobalExceptionFilter[0] #10
      GlobalException      
      ++++++++++++++++++++++++++++++++++++++++++++++++++++++++
      AttcMN.Framework.Exceptions.ServiceException: 获取用户信息异常
         at AttcMN.Common.Utils.SecurityUtils.GetLoginUser() in D:\Project\ATTCAppLication\AttcMN.Common\Utils\SecurityUtils.cs:line 52
         at AttcMN.Admin.SysLoginController.GetInfo() in D:\Project\ATTCAppLication\AttcMN.System\Controllers\SysLoginController.cs:line 80
         at lambda_method35(Closure, Object)
         at Microsoft.AspNetCore.Mvc.Infrastructure.ActionMethodExecutor.AwaitableObjectResultExecutor.Execute(ActionContext actionContext, IActionResultTypeMapper mapper, ObjectMethodExecutor executor, Object controller, Object[] arguments)
         at Microsoft.AspNetCore.Mvc.Infrastructure.ControllerActionInvoker.<InvokeActionMethodAsync>g__Logged|12_1(ControllerActionInvoker invoker)
         at Microsoft.AspNetCore.Mvc.Infrastructure.ControllerActionInvoker.<InvokeNextActionFilterAsync>g__Awaited|10_0(ControllerActionInvoker invoker, Task lastTask, State next, Scope scope, Object state, Boolean isCompleted)
         at Microsoft.AspNetCore.Mvc.Infrastructure.ControllerActionInvoker.Rethrow(ActionExecutedContextSealed context)
         at Microsoft.AspNetCore.Mvc.Infrastructure.ControllerActionInvoker.Next(State& next, Scope& scope, Object& state, Boolean& isCompleted)
         at Microsoft.AspNetCore.Mvc.Infrastructure.ControllerActionInvoker.InvokeInnerFilterAsync()
      --- End of stack trace from previous location ---
         at Microsoft.AspNetCore.Mvc.Infrastructure.ResourceInvoker.<InvokeNextExceptionFilterAsync>g__Awaited|26_0(ResourceInvoker invoker, Task lastTask, State next, Scope scope, Object state, Boolean isCompleted)
      ++++++++++++++++++++++++++++++++++++++++++++++++++++++++
fail: 2025-11-06 16:49:12.8841097 +07:00 Thursday L System.Logging.LoggingMonitor[0] #44
      ┏━━━━━━━━━━━  Logging Monitor ━━━━━━━━━━━
      ┣ AttcMN.Admin.SysLoginController.GetInfo
      ┣ 
      ┣ 控制器名称：                     SysLoginController
      ┣ 操作名称：                       GetInfo
      ┣ 显示名称：                       
      ┣ 路由信息：                       [area]: ; [controller]: SysLogin; [action]: GetInfo
      ┣ 请求方式：                       GET
      ┣ 请求地址：                       http://localhost:44326/getInfo
      ┣ 来源地址：                       http://localhost:50/login?redirect=/
      ┣ 请求端源：                       client
      ┣ 浏览器标识：                     Mozilla/5.0 (Windows NT 10.0; Win64; x64) AppleWebKit/537.36 (KHTML, like Gecko) Chrome/141.0.0.0 Safari/537.36
      ┣ 客户端区域语言：                 en-US,en;q=0.9,vi;q=0.8
      ┣ 客户端 IP 地址：                 127.0.0.1
      ┣ 服务端 IP 地址：                 127.0.0.1
      ┣ 客户端连接 ID：                  00-92785c2c5b1b867266756bd50951d149-823441899fd70816-00
      ┣ 服务线程 ID：                    #35
      ┣ 执行耗时：                       133ms
      ┣ ━━━━━━━━━━━━━━━  Cookies ━━━━━━━━━━━━━━━
      ┣ 请求端：                         lang=en; Hm_lvt_3824e56a483ef95673d119166354712c=1761450141; .AspNetCore.Identity.Application=CfDJ8A_pruwfiuBFp_pFvYUTjgSCWWfo3Z47qZAjJE7FoJwOBU7JrpJzjuolrAeFzEwbNF5VkEIkB1K7Xw8YY4ADMgafZlElHia02YYyFnD-DqFWWHndOLt8TtLTDC_nf2LjPK2Z8uOezwyLZaxqTkKYswBf2vdQbBhP2xxqTk2yel9bdUSGdUsU5gDbVhvuu3HjxQefiZLg4UvttRgQzHMrvKpPNo7Zi2Cs3i-ZnSkjK8xID6zNmWmIpocuEQU1m05bo8bl0PbouQEKWEj8T_McPUiAB6Wsbx1CYIH_dyaxvfwSc8jVqNrfUwiOtL8HSeXuhgflYVo-E0Lw15XV8QBycaFNSdjokmWmtzx_o5_yUZBIbl64PKw64RA296cSOBL2FjxrIIALZkH7qUvHi4kJUM3LOJ9gVwaVBtWf_XTz2qJJ2HYT4JU7GNzu2bc8VeseFZoJ7S4Q04cdiz0M_ha96WcTbJ7g4btRGt1OPl0X4DcFAUh5lZmiB-Fkt1SwmyVzD23oy2CFzJ8_a_P_J00S2RRdWzWuQLil2ePO_jQeTtYAuykK-uECd3pZTukdqrxynJEMZp61pcElQQ22qJmNMhGjmHrZ10V4oqt4TgiYeVWC99-udGrZL9sbrjyvzppfag9xuPEav4b_gofla2vHe2pboyxEL0cTvAmIvP5sPa5UVgV_F_3Di_y5ehMswQjnwX0Q6inKFnKyN0cfqrpURWi_VPGZbICp37SjSCfo2LJMzYZ9H8rUKkBk_bBOfO5GLswRvsUgmmivB3dmrlIg9fxE_FIveH84nfU7E6XAlpzOPd0iLrufYDFAzSFh1xPHADIgiZwNzeuGylg0DOHc1MY; rememberMe=true; CurrentLanguageATTW=zh-tw; username=admin; password=Njtf31nuRFFgNwfLqU847NvkIF1ekaKzdvPq+rOzYTgcD8SmVXH9xuq3/67bhOVq7j15AN7+fyiGHTp19tz5fQ==; Admin-Token=eyJhbGciOiJIUzI1NiIsInR5cCI6IkpXVCJ9.eyJsb2dpbl91c2VyX2tleSI6IjQzOTU0NzJlLWUzY2YtNDI0YS04M2Q5LTc4YmUxMzQ1MTEwNCIsIlVzZXJJZCI6MSwiVXNlck5hbWUiOiJhZG1pbiIsIkRlcHRJZCI6MTAzLCJleHAiOjE3NjMwMjczNTIsImlhdCI6MTc2MjQyMjU1MiwibmJmIjoxNzYyNDIyNTUyLCJpc3MiOiJydW95aS5uZXQuaXNzdWVyIiwiYXVkIjoicnVveWkubmV0LmF1ZGllbmNlIn0.ZkU5rzxOiT963bodl4FT3FgZ4kMqdXxMdVsQF_Egqv0
      ┣ 响应端：                         
      ┣ ━━━━━━━━━━━━━━━  系统信息 ━━━━━━━━━━━━━━━
      ┣ 系统名称：                       Microsoft Windows 10.0.26200
      ┣ 系统架构：                       X64
      ┣ 基础框架：                       AttcMN.Framework v1.0.0.0
      ┣ .NET 架构：                      .NET 8.0.21
      ┣ ━━━━━━━━━━━━━━━  启动信息 ━━━━━━━━━━━━━━━
      ┣ 运行环境：                       Development
      ┣ 启动程序集：                     AttcMN.Admin
      ┣ 进程名称：                       iisexpress
      ┣ 托管程序：                       iisexpress
      ┣ ━━━━━━━━━━━━━━━  授权信息 ━━━━━━━━━━━━━━━
      ┣ JWT Token：                      Bearer eyJhbGciOiJIUzI1NiIsInR5cCI6IkpXVCJ9.eyJsb2dpbl91c2VyX2tleSI6IjQzOTU0NzJlLWUzY2YtNDI0YS04M2Q5LTc4YmUxMzQ1MTEwNCIsIlVzZXJJZCI6MSwiVXNlck5hbWUiOiJhZG1pbiIsIkRlcHRJZCI6MTAzLCJleHAiOjE3NjMwMjczNTIsImlhdCI6MTc2MjQyMjU1MiwibmJmIjoxNzYyNDIyNTUyLCJpc3MiOiJydW95aS5uZXQuaXNzdWVyIiwiYXVkIjoicnVveWkubmV0LmF1ZGllbmNlIn0.ZkU5rzxOiT963bodl4FT3FgZ4kMqdXxMdVsQF_Egqv0
      ┣ 
      ┣ login_user_key (string)：        4395472e-e3cf-424a-83d9-78be13451104
      ┣ UserId (integer32)：             1
      ┣ UserName (string)：              admin
      ┣ DeptId (integer32)：             103
      ┣ exp (integer64)：                1763027352 (2025-11-13 16:49:12:0000(+07:00) Thursday L)
      ┣ iat (integer64)：                1762422552 (2025-11-06 16:49:12:0000(+07:00) Thursday L)
      ┣ nbf (integer64)：                1762422552 (2025-11-06 16:49:12:0000(+07:00) Thursday L)
      ┣ iss (string)：                   ruoyi.net.issuer
      ┣ aud (string)：                   ruoyi.net.audience
      ┣ ━━━━━━━━━━━━━━━  请求头信息 ━━━━━━━━━━━━━━━
      ┣ 
      ┣ Accept：                         application/json, text/plain, */*
      ┣ Accept-Encoding：                gzip, deflate, br, zstd
      ┣ Accept-Language：                en-US,en;q=0.9,vi;q=0.8
      ┣ Authorization：                  Bearer eyJhbGciOiJIUzI1NiIsInR5cCI6IkpXVCJ9.eyJsb2dpbl91c2VyX2tleSI6IjQzOTU0NzJlLWUzY2YtNDI0YS04M2Q5LTc4YmUxMzQ1MTEwNCIsIlVzZXJJZCI6MSwiVXNlck5hbWUiOiJhZG1pbiIsIkRlcHRJZCI6MTAzLCJleHAiOjE3NjMwMjczNTIsImlhdCI6MTc2MjQyMjU1MiwibmJmIjoxNzYyNDIyNTUyLCJpc3MiOiJydW95aS5uZXQuaXNzdWVyIiwiYXVkIjoicnVveWkubmV0LmF1ZGllbmNlIn0.ZkU5rzxOiT963bodl4FT3FgZ4kMqdXxMdVsQF_Egqv0
      ┣ Connection：                     close
      ┣ Cookie：                         lang=en; Hm_lvt_3824e56a483ef95673d119166354712c=1761450141; .AspNetCore.Identity.Application=CfDJ8A_pruwfiuBFp_pFvYUTjgSCWWfo3Z47qZAjJE7FoJwOBU7JrpJzjuolrAeFzEwbNF5VkEIkB1K7Xw8YY4ADMgafZlElHia02YYyFnD-DqFWWHndOLt8TtLTDC_nf2LjPK2Z8uOezwyLZaxqTkKYswBf2vdQbBhP2xxqTk2yel9bdUSGdUsU5gDbVhvuu3HjxQefiZLg4UvttRgQzHMrvKpPNo7Zi2Cs3i-ZnSkjK8xID6zNmWmIpocuEQU1m05bo8bl0PbouQEKWEj8T_McPUiAB6Wsbx1CYIH_dyaxvfwSc8jVqNrfUwiOtL8HSeXuhgflYVo-E0Lw15XV8QBycaFNSdjokmWmtzx_o5_yUZBIbl64PKw64RA296cSOBL2FjxrIIALZkH7qUvHi4kJUM3LOJ9gVwaVBtWf_XTz2qJJ2HYT4JU7GNzu2bc8VeseFZoJ7S4Q04cdiz0M_ha96WcTbJ7g4btRGt1OPl0X4DcFAUh5lZmiB-Fkt1SwmyVzD23oy2CFzJ8_a_P_J00S2RRdWzWuQLil2ePO_jQeTtYAuykK-uECd3pZTukdqrxynJEMZp61pcElQQ22qJmNMhGjmHrZ10V4oqt4TgiYeVWC99-udGrZL9sbrjyvzppfag9xuPEav4b_gofla2vHe2pboyxEL0cTvAmIvP5sPa5UVgV_F_3Di_y5ehMswQjnwX0Q6inKFnKyN0cfqrpURWi_VPGZbICp37SjSCfo2LJMzYZ9H8rUKkBk_bBOfO5GLswRvsUgmmivB3dmrlIg9fxE_FIveH84nfU7E6XAlpzOPd0iLrufYDFAzSFh1xPHADIgiZwNzeuGylg0DOHc1MY; rememberMe=true; CurrentLanguageATTW=zh-tw; username=admin; password=Njtf31nuRFFgNwfLqU847NvkIF1ekaKzdvPq+rOzYTgcD8SmVXH9xuq3/67bhOVq7j15AN7+fyiGHTp19tz5fQ==; Admin-Token=eyJhbGciOiJIUzI1NiIsInR5cCI6IkpXVCJ9.eyJsb2dpbl91c2VyX2tleSI6IjQzOTU0NzJlLWUzY2YtNDI0YS04M2Q5LTc4YmUxMzQ1MTEwNCIsIlVzZXJJZCI6MSwiVXNlck5hbWUiOiJhZG1pbiIsIkRlcHRJZCI6MTAzLCJleHAiOjE3NjMwMjczNTIsImlhdCI6MTc2MjQyMjU1MiwibmJmIjoxNzYyNDIyNTUyLCJpc3MiOiJydW95aS5uZXQuaXNzdWVyIiwiYXVkIjoicnVveWkubmV0LmF1ZGllbmNlIn0.ZkU5rzxOiT963bodl4FT3FgZ4kMqdXxMdVsQF_Egqv0
      ┣ Host：                           localhost:44326
      ┣ Referer：                        http://localhost:50/login?redirect=%2F
      ┣ User-Agent：                     Mozilla/5.0 (Windows NT 10.0; Win64; x64) AppleWebKit/537.36 (KHTML, like Gecko) Chrome/141.0.0.0 Safari/537.36
      ┣ x-forwarded-host：               localhost:50
      ┣ x-forwarded-port：               50
      ┣ X-Original-Proto：               https
      ┣ sec-fetch-dest：                 empty
      ┣ sec-fetch-mode：                 cors
      ┣ sec-fetch-site：                 same-origin
      ┣ sec-ch-ua-mobile：               ?0
      ┣ sec-ch-ua：                      "Google Chrome";v="141", "Not?A_Brand";v="8", "Chromium";v="141"
      ┣ sec-ch-ua-platform：             "Windows"
      ┣ X-Original-For：                 127.0.0.1:52395
      ┣ ━━━━━━━━━━━━━━━  返回信息 ━━━━━━━━━━━━━━━
      ┣ HTTP响应状态码：                 200
      ┣ 原始类型：                       System.Threading.Tasks.Task<AttcMN.Framework.AjaxResult>
      ┣ 最终类型：                       
      ┣ 最终返回值：                     null
      ┣ ━━━━━━━━━━━━━━━  异常信息 ━━━━━━━━━━━━━━━
      ┣ 类型：                           Microsoft.Data.SqlClient.SqlException
      ┣ 消息：                           Invalid column name 'create_time'.
      ┣ 错误堆栈：                       at Microsoft.Data.SqlClient.SqlCommand.<>c.<ExecuteDbDataReaderAsync>b__189_0(Task`1 result)
         at System.Threading.Tasks.ContinuationResultTaskFromResultTask`2.InnerInvoke()
         at System.Threading.ExecutionContext.RunInternal(ExecutionContext executionContext, ContextCallback callback, Object state)
      --- End of stack trace from previous location ---
         at System.Threading.ExecutionContext.RunInternal(ExecutionContext executionContext, ContextCallback callback, Object state)
         at System.Threading.Tasks.Task.ExecuteWithThreadLocal(Task& currentTaskSlot, Thread threadPoolThread)
      --- End of stack trace from previous location ---
         at SqlSugar.AdoProvider.GetDataReaderAsync(String sql, SugarParameter[] parameters)
         at SqlSugar.QueryableProvider`1.GetDataAsync[TResult](KeyValuePair`2 sqlObj)
         at SqlSugar.QueryableProvider`1._ToListAsync[TResult]()
         at AttcMN.System.Repositories.FactoryRepository.GetFactoryByFacIdsAsync(List`1 facids) in D:\Project\ATTCAppLication\AttcMN.System\Repositories\FactoryRepository.cs:line 41
         at AttcMN.System.Services.FactoryService.GetFactoriesByUserIdAsync(SysUserDto dto) in D:\Project\ATTCAppLication\AttcMN.System\Services\FactoryService.cs:line 57
         at AttcMN.Admin.SysLoginController.GetInfo() in D:\Project\ATTCAppLication\AttcMN.System\Controllers\SysLoginController.cs:line 85
         at lambda_method35(Closure, Object)
         at Microsoft.AspNetCore.Mvc.Infrastructure.ActionMethodExecutor.AwaitableObjectResultExecutor.Execute(ActionContext actionContext, IActionResultTypeMapper mapper, ObjectMethodExecutor executor, Object controller, Object[] arguments)
         at Microsoft.AspNetCore.Mvc.Infrastructure.ControllerActionInvoker.<InvokeActionMethodAsync>g__Logged|12_1(ControllerActionInvoker invoker)
         at Microsoft.AspNetCore.Mvc.Infrastructure.ControllerActionInvoker.<InvokeNextActionFilterAsync>g__Awaited|10_0(ControllerActionInvoker invoker, Task lastTask, State next, Scope scope, Object state, Boolean isCompleted)
      ┗━━━━━━━━━━━  Logging Monitor ━━━━━━━━━━━      
      ++++++++++++++++++++++++++++++++++++++++++++++++++++++++
      Microsoft.Data.SqlClient.SqlException (0x80131904): Invalid column name 'create_time'.
         at Microsoft.Data.SqlClient.SqlCommand.<>c.<ExecuteDbDataReaderAsync>b__189_0(Task`1 result)
         at System.Threading.Tasks.ContinuationResultTaskFromResultTask`2.InnerInvoke()
         at System.Threading.ExecutionContext.RunInternal(ExecutionContext executionContext, ContextCallback callback, Object state)
      --- End of stack trace from previous location ---
         at System.Threading.ExecutionContext.RunInternal(ExecutionContext executionContext, ContextCallback callback, Object state)
         at System.Threading.Tasks.Task.ExecuteWithThreadLocal(Task& currentTaskSlot, Thread threadPoolThread)
      --- End of stack trace from previous location ---
         at SqlSugar.AdoProvider.GetDataReaderAsync(String sql, SugarParameter[] parameters)
         at SqlSugar.QueryableProvider`1.GetDataAsync[TResult](KeyValuePair`2 sqlObj)
         at SqlSugar.QueryableProvider`1._ToListAsync[TResult]()
         at AttcMN.System.Repositories.FactoryRepository.GetFactoryByFacIdsAsync(List`1 facids) in D:\Project\ATTCAppLication\AttcMN.System\Repositories\FactoryRepository.cs:line 41
         at AttcMN.System.Services.FactoryService.GetFactoriesByUserIdAsync(SysUserDto dto) in D:\Project\ATTCAppLication\AttcMN.System\Services\FactoryService.cs:line 57
         at AttcMN.Admin.SysLoginController.GetInfo() in D:\Project\ATTCAppLication\AttcMN.System\Controllers\SysLoginController.cs:line 85
         at lambda_method35(Closure, Object)
         at Microsoft.AspNetCore.Mvc.Infrastructure.ActionMethodExecutor.AwaitableObjectResultExecutor.Execute(ActionContext actionContext, IActionResultTypeMapper mapper, ObjectMethodExecutor executor, Object controller, Object[] arguments)
         at Microsoft.AspNetCore.Mvc.Infrastructure.ControllerActionInvoker.<InvokeActionMethodAsync>g__Logged|12_1(ControllerActionInvoker invoker)
         at Microsoft.AspNetCore.Mvc.Infrastructure.ControllerActionInvoker.<InvokeNextActionFilterAsync>g__Awaited|10_0(ControllerActionInvoker invoker, Task lastTask, State next, Scope scope, Object state, Boolean isCompleted)
      ClientConnectionId:6af09bd0-d0e9-4ac7-9dbb-81d29c019113
      Error Number:207,State:1,Class:16
      ++++++++++++++++++++++++++++++++++++++++++++++++++++++++
fail: 2025-11-06 16:49:12.8944443 +07:00 Thursday L AttcMN.Framework.Filters.GlobalExceptionFilter[0] #44
      GlobalException      
      ++++++++++++++++++++++++++++++++++++++++++++++++++++++++
      Microsoft.Data.SqlClient.SqlException (0x80131904): Invalid column name 'create_time'.
         at Microsoft.Data.SqlClient.SqlCommand.<>c.<ExecuteDbDataReaderAsync>b__189_0(Task`1 result)
         at System.Threading.Tasks.ContinuationResultTaskFromResultTask`2.InnerInvoke()
         at System.Threading.ExecutionContext.RunInternal(ExecutionContext executionContext, ContextCallback callback, Object state)
      --- End of stack trace from previous location ---
         at System.Threading.ExecutionContext.RunInternal(ExecutionContext executionContext, ContextCallback callback, Object state)
         at System.Threading.Tasks.Task.ExecuteWithThreadLocal(Task& currentTaskSlot, Thread threadPoolThread)
      --- End of stack trace from previous location ---
         at SqlSugar.AdoProvider.GetDataReaderAsync(String sql, SugarParameter[] parameters)
         at SqlSugar.QueryableProvider`1.GetDataAsync[TResult](KeyValuePair`2 sqlObj)
         at SqlSugar.QueryableProvider`1._ToListAsync[TResult]()
         at AttcMN.System.Repositories.FactoryRepository.GetFactoryByFacIdsAsync(List`1 facids) in D:\Project\ATTCAppLication\AttcMN.System\Repositories\FactoryRepository.cs:line 41
         at AttcMN.System.Services.FactoryService.GetFactoriesByUserIdAsync(SysUserDto dto) in D:\Project\ATTCAppLication\AttcMN.System\Services\FactoryService.cs:line 57
         at AttcMN.Admin.SysLoginController.GetInfo() in D:\Project\ATTCAppLication\AttcMN.System\Controllers\SysLoginController.cs:line 85
         at lambda_method35(Closure, Object)
         at Microsoft.AspNetCore.Mvc.Infrastructure.ActionMethodExecutor.AwaitableObjectResultExecutor.Execute(ActionContext actionContext, IActionResultTypeMapper mapper, ObjectMethodExecutor executor, Object controller, Object[] arguments)
         at Microsoft.AspNetCore.Mvc.Infrastructure.ControllerActionInvoker.<InvokeActionMethodAsync>g__Logged|12_1(ControllerActionInvoker invoker)
         at Microsoft.AspNetCore.Mvc.Infrastructure.ControllerActionInvoker.<InvokeNextActionFilterAsync>g__Awaited|10_0(ControllerActionInvoker invoker, Task lastTask, State next, Scope scope, Object state, Boolean isCompleted)
         at Microsoft.AspNetCore.Mvc.Infrastructure.ControllerActionInvoker.Rethrow(ActionExecutedContextSealed context)
         at Microsoft.AspNetCore.Mvc.Infrastructure.ControllerActionInvoker.Next(State& next, Scope& scope, Object& state, Boolean& isCompleted)
         at Microsoft.AspNetCore.Mvc.Infrastructure.ControllerActionInvoker.<InvokeInnerFilterAsync>g__Awaited|13_0(ControllerActionInvoker invoker, Task lastTask, State next, Scope scope, Object state, Boolean isCompleted)
         at Microsoft.AspNetCore.Mvc.Infrastructure.ResourceInvoker.<InvokeNextExceptionFilterAsync>g__Awaited|26_0(ResourceInvoker invoker, Task lastTask, State next, Scope scope, Object state, Boolean isCompleted)
      ClientConnectionId:6af09bd0-d0e9-4ac7-9dbb-81d29c019113
      Error Number:207,State:1,Class:16
      ++++++++++++++++++++++++++++++++++++++++++++++++++++++++
fail: 2025-11-06 16:50:29.1804949 +07:00 Thursday L System.Logging.LoggingMonitor[0] #27
      ┏━━━━━━━━━━━  Logging Monitor ━━━━━━━━━━━
      ┣ AttcMN.Admin.SysLoginController.GetInfo
      ┣ 
      ┣ 控制器名称：                     SysLoginController
      ┣ 操作名称：                       GetInfo
      ┣ 显示名称：                       
      ┣ 路由信息：                       [area]: ; [controller]: SysLogin; [action]: GetInfo
      ┣ 请求方式：                       GET
      ┣ 请求地址：                       http://localhost:44326/getInfo
      ┣ 来源地址：                       http://localhost:50/login?redirect=/login
      ┣ 请求端源：                       client
      ┣ 浏览器标识：                     Mozilla/5.0 (Windows NT 10.0; Win64; x64) AppleWebKit/537.36 (KHTML, like Gecko) Chrome/141.0.0.0 Safari/537.36
      ┣ 客户端区域语言：                 en-US,en;q=0.9,vi;q=0.8
      ┣ 客户端 IP 地址：                 127.0.0.1
      ┣ 服务端 IP 地址：                 127.0.0.1
      ┣ 客户端连接 ID：                  00-09fee78b2d82836daf4bb74f0b88ae0c-43e2010ed5ca462d-00
      ┣ 服务线程 ID：                    #35
      ┣ 执行耗时：                       133ms
      ┣ ━━━━━━━━━━━━━━━  Cookies ━━━━━━━━━━━━━━━
      ┣ 请求端：                         lang=en; Hm_lvt_3824e56a483ef95673d119166354712c=1761450141; .AspNetCore.Identity.Application=CfDJ8A_pruwfiuBFp_pFvYUTjgSCWWfo3Z47qZAjJE7FoJwOBU7JrpJzjuolrAeFzEwbNF5VkEIkB1K7Xw8YY4ADMgafZlElHia02YYyFnD-DqFWWHndOLt8TtLTDC_nf2LjPK2Z8uOezwyLZaxqTkKYswBf2vdQbBhP2xxqTk2yel9bdUSGdUsU5gDbVhvuu3HjxQefiZLg4UvttRgQzHMrvKpPNo7Zi2Cs3i-ZnSkjK8xID6zNmWmIpocuEQU1m05bo8bl0PbouQEKWEj8T_McPUiAB6Wsbx1CYIH_dyaxvfwSc8jVqNrfUwiOtL8HSeXuhgflYVo-E0Lw15XV8QBycaFNSdjokmWmtzx_o5_yUZBIbl64PKw64RA296cSOBL2FjxrIIALZkH7qUvHi4kJUM3LOJ9gVwaVBtWf_XTz2qJJ2HYT4JU7GNzu2bc8VeseFZoJ7S4Q04cdiz0M_ha96WcTbJ7g4btRGt1OPl0X4DcFAUh5lZmiB-Fkt1SwmyVzD23oy2CFzJ8_a_P_J00S2RRdWzWuQLil2ePO_jQeTtYAuykK-uECd3pZTukdqrxynJEMZp61pcElQQ22qJmNMhGjmHrZ10V4oqt4TgiYeVWC99-udGrZL9sbrjyvzppfag9xuPEav4b_gofla2vHe2pboyxEL0cTvAmIvP5sPa5UVgV_F_3Di_y5ehMswQjnwX0Q6inKFnKyN0cfqrpURWi_VPGZbICp37SjSCfo2LJMzYZ9H8rUKkBk_bBOfO5GLswRvsUgmmivB3dmrlIg9fxE_FIveH84nfU7E6XAlpzOPd0iLrufYDFAzSFh1xPHADIgiZwNzeuGylg0DOHc1MY; rememberMe=true; CurrentLanguageATTW=zh-tw; username=admin; password=RvyfgJNQWRBc9qJL4hBGzVR1vxb4KduCjk3gNkdsFXBMxhmIAYVf8NiHEjVPG8kbBF9K4ZltXIc2r4mA8MLolg==; Admin-Token=eyJhbGciOiJIUzI1NiIsInR5cCI6IkpXVCJ9.eyJsb2dpbl91c2VyX2tleSI6IjNmYWIxZjdkLTdkNzMtNDhiMC04NDZmLTdmZmM3NDUwYjc5ZCIsIlVzZXJJZCI6MSwiVXNlck5hbWUiOiJhZG1pbiIsIkRlcHRJZCI6MTAzLCJleHAiOjE3NjMwMjc0MjgsImlhdCI6MTc2MjQyMjYyOCwibmJmIjoxNzYyNDIyNjI4LCJpc3MiOiJydW95aS5uZXQuaXNzdWVyIiwiYXVkIjoicnVveWkubmV0LmF1ZGllbmNlIn0.0VZ-KDNru-MgS2jJtaPzd2rTmd88Iy5QUIsD5k2Z4Mg
      ┣ 响应端：                         
      ┣ ━━━━━━━━━━━━━━━  系统信息 ━━━━━━━━━━━━━━━
      ┣ 系统名称：                       Microsoft Windows 10.0.26200
      ┣ 系统架构：                       X64
      ┣ 基础框架：                       AttcMN.Framework v1.0.0.0
      ┣ .NET 架构：                      .NET 8.0.21
      ┣ ━━━━━━━━━━━━━━━  启动信息 ━━━━━━━━━━━━━━━
      ┣ 运行环境：                       Development
      ┣ 启动程序集：                     AttcMN.Admin
      ┣ 进程名称：                       iisexpress
      ┣ 托管程序：                       iisexpress
      ┣ ━━━━━━━━━━━━━━━  授权信息 ━━━━━━━━━━━━━━━
      ┣ JWT Token：                      Bearer eyJhbGciOiJIUzI1NiIsInR5cCI6IkpXVCJ9.eyJsb2dpbl91c2VyX2tleSI6IjNmYWIxZjdkLTdkNzMtNDhiMC04NDZmLTdmZmM3NDUwYjc5ZCIsIlVzZXJJZCI6MSwiVXNlck5hbWUiOiJhZG1pbiIsIkRlcHRJZCI6MTAzLCJleHAiOjE3NjMwMjc0MjgsImlhdCI6MTc2MjQyMjYyOCwibmJmIjoxNzYyNDIyNjI4LCJpc3MiOiJydW95aS5uZXQuaXNzdWVyIiwiYXVkIjoicnVveWkubmV0LmF1ZGllbmNlIn0.0VZ-KDNru-MgS2jJtaPzd2rTmd88Iy5QUIsD5k2Z4Mg
      ┣ 
      ┣ login_user_key (string)：        3fab1f7d-7d73-48b0-846f-7ffc7450b79d
      ┣ UserId (integer32)：             1
      ┣ UserName (string)：              admin
      ┣ DeptId (integer32)：             103
      ┣ exp (integer64)：                1763027428 (2025-11-13 16:50:28:0000(+07:00) Thursday L)
      ┣ iat (integer64)：                1762422628 (2025-11-06 16:50:28:0000(+07:00) Thursday L)
      ┣ nbf (integer64)：                1762422628 (2025-11-06 16:50:28:0000(+07:00) Thursday L)
      ┣ iss (string)：                   ruoyi.net.issuer
      ┣ aud (string)：                   ruoyi.net.audience
      ┣ ━━━━━━━━━━━━━━━  请求头信息 ━━━━━━━━━━━━━━━
      ┣ 
      ┣ Accept：                         application/json, text/plain, */*
      ┣ Accept-Encoding：                gzip, deflate, br, zstd
      ┣ Accept-Language：                en-US,en;q=0.9,vi;q=0.8
      ┣ Authorization：                  Bearer eyJhbGciOiJIUzI1NiIsInR5cCI6IkpXVCJ9.eyJsb2dpbl91c2VyX2tleSI6IjNmYWIxZjdkLTdkNzMtNDhiMC04NDZmLTdmZmM3NDUwYjc5ZCIsIlVzZXJJZCI6MSwiVXNlck5hbWUiOiJhZG1pbiIsIkRlcHRJZCI6MTAzLCJleHAiOjE3NjMwMjc0MjgsImlhdCI6MTc2MjQyMjYyOCwibmJmIjoxNzYyNDIyNjI4LCJpc3MiOiJydW95aS5uZXQuaXNzdWVyIiwiYXVkIjoicnVveWkubmV0LmF1ZGllbmNlIn0.0VZ-KDNru-MgS2jJtaPzd2rTmd88Iy5QUIsD5k2Z4Mg
      ┣ Connection：                     close
      ┣ Cookie：                         lang=en; Hm_lvt_3824e56a483ef95673d119166354712c=1761450141; .AspNetCore.Identity.Application=CfDJ8A_pruwfiuBFp_pFvYUTjgSCWWfo3Z47qZAjJE7FoJwOBU7JrpJzjuolrAeFzEwbNF5VkEIkB1K7Xw8YY4ADMgafZlElHia02YYyFnD-DqFWWHndOLt8TtLTDC_nf2LjPK2Z8uOezwyLZaxqTkKYswBf2vdQbBhP2xxqTk2yel9bdUSGdUsU5gDbVhvuu3HjxQefiZLg4UvttRgQzHMrvKpPNo7Zi2Cs3i-ZnSkjK8xID6zNmWmIpocuEQU1m05bo8bl0PbouQEKWEj8T_McPUiAB6Wsbx1CYIH_dyaxvfwSc8jVqNrfUwiOtL8HSeXuhgflYVo-E0Lw15XV8QBycaFNSdjokmWmtzx_o5_yUZBIbl64PKw64RA296cSOBL2FjxrIIALZkH7qUvHi4kJUM3LOJ9gVwaVBtWf_XTz2qJJ2HYT4JU7GNzu2bc8VeseFZoJ7S4Q04cdiz0M_ha96WcTbJ7g4btRGt1OPl0X4DcFAUh5lZmiB-Fkt1SwmyVzD23oy2CFzJ8_a_P_J00S2RRdWzWuQLil2ePO_jQeTtYAuykK-uECd3pZTukdqrxynJEMZp61pcElQQ22qJmNMhGjmHrZ10V4oqt4TgiYeVWC99-udGrZL9sbrjyvzppfag9xuPEav4b_gofla2vHe2pboyxEL0cTvAmIvP5sPa5UVgV_F_3Di_y5ehMswQjnwX0Q6inKFnKyN0cfqrpURWi_VPGZbICp37SjSCfo2LJMzYZ9H8rUKkBk_bBOfO5GLswRvsUgmmivB3dmrlIg9fxE_FIveH84nfU7E6XAlpzOPd0iLrufYDFAzSFh1xPHADIgiZwNzeuGylg0DOHc1MY; rememberMe=true; CurrentLanguageATTW=zh-tw; username=admin; password=RvyfgJNQWRBc9qJL4hBGzVR1vxb4KduCjk3gNkdsFXBMxhmIAYVf8NiHEjVPG8kbBF9K4ZltXIc2r4mA8MLolg==; Admin-Token=eyJhbGciOiJIUzI1NiIsInR5cCI6IkpXVCJ9.eyJsb2dpbl91c2VyX2tleSI6IjNmYWIxZjdkLTdkNzMtNDhiMC04NDZmLTdmZmM3NDUwYjc5ZCIsIlVzZXJJZCI6MSwiVXNlck5hbWUiOiJhZG1pbiIsIkRlcHRJZCI6MTAzLCJleHAiOjE3NjMwMjc0MjgsImlhdCI6MTc2MjQyMjYyOCwibmJmIjoxNzYyNDIyNjI4LCJpc3MiOiJydW95aS5uZXQuaXNzdWVyIiwiYXVkIjoicnVveWkubmV0LmF1ZGllbmNlIn0.0VZ-KDNru-MgS2jJtaPzd2rTmd88Iy5QUIsD5k2Z4Mg
      ┣ Host：                           localhost:44326
      ┣ Referer：                        http://localhost:50/login?redirect=%2Flogin
      ┣ User-Agent：                     Mozilla/5.0 (Windows NT 10.0; Win64; x64) AppleWebKit/537.36 (KHTML, like Gecko) Chrome/141.0.0.0 Safari/537.36
      ┣ x-forwarded-host：               localhost:50
      ┣ x-forwarded-port：               50
      ┣ X-Original-Proto：               https
      ┣ sec-fetch-dest：                 empty
      ┣ sec-fetch-mode：                 cors
      ┣ sec-fetch-site：                 same-origin
      ┣ sec-ch-ua-mobile：               ?0
      ┣ sec-ch-ua：                      "Google Chrome";v="141", "Not?A_Brand";v="8", "Chromium";v="141"
      ┣ sec-ch-ua-platform：             "Windows"
      ┣ X-Original-For：                 127.0.0.1:59711
      ┣ ━━━━━━━━━━━━━━━  返回信息 ━━━━━━━━━━━━━━━
      ┣ HTTP响应状态码：                 200
      ┣ 原始类型：                       System.Threading.Tasks.Task<AttcMN.Framework.AjaxResult>
      ┣ 最终类型：                       
      ┣ 最终返回值：                     null
      ┣ ━━━━━━━━━━━━━━━  异常信息 ━━━━━━━━━━━━━━━
      ┣ 类型：                           Microsoft.Data.SqlClient.SqlException
      ┣ 消息：                           Invalid column name 'create_time'.
      ┣ 错误堆栈：                       at Microsoft.Data.SqlClient.SqlCommand.<>c.<ExecuteDbDataReaderAsync>b__189_0(Task`1 result)
         at System.Threading.Tasks.ContinuationResultTaskFromResultTask`2.InnerInvoke()
         at System.Threading.ExecutionContext.RunInternal(ExecutionContext executionContext, ContextCallback callback, Object state)
      --- End of stack trace from previous location ---
         at System.Threading.ExecutionContext.RunInternal(ExecutionContext executionContext, ContextCallback callback, Object state)
         at System.Threading.Tasks.Task.ExecuteWithThreadLocal(Task& currentTaskSlot, Thread threadPoolThread)
      --- End of stack trace from previous location ---
         at SqlSugar.AdoProvider.GetDataReaderAsync(String sql, SugarParameter[] parameters)
         at SqlSugar.QueryableProvider`1.GetDataAsync[TResult](KeyValuePair`2 sqlObj)
         at SqlSugar.QueryableProvider`1._ToListAsync[TResult]()
         at AttcMN.System.Repositories.FactoryRepository.GetFactoryByFacIdsAsync(List`1 facids) in D:\Project\ATTCAppLication\AttcMN.System\Repositories\FactoryRepository.cs:line 41
         at AttcMN.System.Services.FactoryService.GetFactoriesByUserIdAsync(SysUserDto dto) in D:\Project\ATTCAppLication\AttcMN.System\Services\FactoryService.cs:line 57
         at AttcMN.Admin.SysLoginController.GetInfo() in D:\Project\ATTCAppLication\AttcMN.System\Controllers\SysLoginController.cs:line 85
         at lambda_method67(Closure, Object)
         at Microsoft.AspNetCore.Mvc.Infrastructure.ActionMethodExecutor.AwaitableObjectResultExecutor.Execute(ActionContext actionContext, IActionResultTypeMapper mapper, ObjectMethodExecutor executor, Object controller, Object[] arguments)
         at Microsoft.AspNetCore.Mvc.Infrastructure.ControllerActionInvoker.<InvokeActionMethodAsync>g__Logged|12_1(ControllerActionInvoker invoker)
         at Microsoft.AspNetCore.Mvc.Infrastructure.ControllerActionInvoker.<InvokeNextActionFilterAsync>g__Awaited|10_0(ControllerActionInvoker invoker, Task lastTask, State next, Scope scope, Object state, Boolean isCompleted)
      ┗━━━━━━━━━━━  Logging Monitor ━━━━━━━━━━━      
      ++++++++++++++++++++++++++++++++++++++++++++++++++++++++
      Microsoft.Data.SqlClient.SqlException (0x80131904): Invalid column name 'create_time'.
         at Microsoft.Data.SqlClient.SqlCommand.<>c.<ExecuteDbDataReaderAsync>b__189_0(Task`1 result)
         at System.Threading.Tasks.ContinuationResultTaskFromResultTask`2.InnerInvoke()
         at System.Threading.ExecutionContext.RunInternal(ExecutionContext executionContext, ContextCallback callback, Object state)
      --- End of stack trace from previous location ---
         at System.Threading.ExecutionContext.RunInternal(ExecutionContext executionContext, ContextCallback callback, Object state)
         at System.Threading.Tasks.Task.ExecuteWithThreadLocal(Task& currentTaskSlot, Thread threadPoolThread)
      --- End of stack trace from previous location ---
         at SqlSugar.AdoProvider.GetDataReaderAsync(String sql, SugarParameter[] parameters)
         at SqlSugar.QueryableProvider`1.GetDataAsync[TResult](KeyValuePair`2 sqlObj)
         at SqlSugar.QueryableProvider`1._ToListAsync[TResult]()
         at AttcMN.System.Repositories.FactoryRepository.GetFactoryByFacIdsAsync(List`1 facids) in D:\Project\ATTCAppLication\AttcMN.System\Repositories\FactoryRepository.cs:line 41
         at AttcMN.System.Services.FactoryService.GetFactoriesByUserIdAsync(SysUserDto dto) in D:\Project\ATTCAppLication\AttcMN.System\Services\FactoryService.cs:line 57
         at AttcMN.Admin.SysLoginController.GetInfo() in D:\Project\ATTCAppLication\AttcMN.System\Controllers\SysLoginController.cs:line 85
         at lambda_method67(Closure, Object)
         at Microsoft.AspNetCore.Mvc.Infrastructure.ActionMethodExecutor.AwaitableObjectResultExecutor.Execute(ActionContext actionContext, IActionResultTypeMapper mapper, ObjectMethodExecutor executor, Object controller, Object[] arguments)
         at Microsoft.AspNetCore.Mvc.Infrastructure.ControllerActionInvoker.<InvokeActionMethodAsync>g__Logged|12_1(ControllerActionInvoker invoker)
         at Microsoft.AspNetCore.Mvc.Infrastructure.ControllerActionInvoker.<InvokeNextActionFilterAsync>g__Awaited|10_0(ControllerActionInvoker invoker, Task lastTask, State next, Scope scope, Object state, Boolean isCompleted)
      ClientConnectionId:9a97a898-424e-4dbc-be8f-0aecac43e4ee
      Error Number:207,State:1,Class:16
      ++++++++++++++++++++++++++++++++++++++++++++++++++++++++
fail: 2025-11-06 16:50:29.1933615 +07:00 Thursday L AttcMN.Framework.Filters.GlobalExceptionFilter[0] #27
      GlobalException      
      ++++++++++++++++++++++++++++++++++++++++++++++++++++++++
      Microsoft.Data.SqlClient.SqlException (0x80131904): Invalid column name 'create_time'.
         at Microsoft.Data.SqlClient.SqlCommand.<>c.<ExecuteDbDataReaderAsync>b__189_0(Task`1 result)
         at System.Threading.Tasks.ContinuationResultTaskFromResultTask`2.InnerInvoke()
         at System.Threading.ExecutionContext.RunInternal(ExecutionContext executionContext, ContextCallback callback, Object state)
      --- End of stack trace from previous location ---
         at System.Threading.ExecutionContext.RunInternal(ExecutionContext executionContext, ContextCallback callback, Object state)
         at System.Threading.Tasks.Task.ExecuteWithThreadLocal(Task& currentTaskSlot, Thread threadPoolThread)
      --- End of stack trace from previous location ---
         at SqlSugar.AdoProvider.GetDataReaderAsync(String sql, SugarParameter[] parameters)
         at SqlSugar.QueryableProvider`1.GetDataAsync[TResult](KeyValuePair`2 sqlObj)
         at SqlSugar.QueryableProvider`1._ToListAsync[TResult]()
         at AttcMN.System.Repositories.FactoryRepository.GetFactoryByFacIdsAsync(List`1 facids) in D:\Project\ATTCAppLication\AttcMN.System\Repositories\FactoryRepository.cs:line 41
         at AttcMN.System.Services.FactoryService.GetFactoriesByUserIdAsync(SysUserDto dto) in D:\Project\ATTCAppLication\AttcMN.System\Services\FactoryService.cs:line 57
         at AttcMN.Admin.SysLoginController.GetInfo() in D:\Project\ATTCAppLication\AttcMN.System\Controllers\SysLoginController.cs:line 85
         at lambda_method67(Closure, Object)
         at Microsoft.AspNetCore.Mvc.Infrastructure.ActionMethodExecutor.AwaitableObjectResultExecutor.Execute(ActionContext actionContext, IActionResultTypeMapper mapper, ObjectMethodExecutor executor, Object controller, Object[] arguments)
         at Microsoft.AspNetCore.Mvc.Infrastructure.ControllerActionInvoker.<InvokeActionMethodAsync>g__Logged|12_1(ControllerActionInvoker invoker)
         at Microsoft.AspNetCore.Mvc.Infrastructure.ControllerActionInvoker.<InvokeNextActionFilterAsync>g__Awaited|10_0(ControllerActionInvoker invoker, Task lastTask, State next, Scope scope, Object state, Boolean isCompleted)
         at Microsoft.AspNetCore.Mvc.Infrastructure.ControllerActionInvoker.Rethrow(ActionExecutedContextSealed context)
         at Microsoft.AspNetCore.Mvc.Infrastructure.ControllerActionInvoker.Next(State& next, Scope& scope, Object& state, Boolean& isCompleted)
         at Microsoft.AspNetCore.Mvc.Infrastructure.ControllerActionInvoker.<InvokeInnerFilterAsync>g__Awaited|13_0(ControllerActionInvoker invoker, Task lastTask, State next, Scope scope, Object state, Boolean isCompleted)
         at Microsoft.AspNetCore.Mvc.Infrastructure.ResourceInvoker.<InvokeNextExceptionFilterAsync>g__Awaited|26_0(ResourceInvoker invoker, Task lastTask, State next, Scope scope, Object state, Boolean isCompleted)
      ClientConnectionId:9a97a898-424e-4dbc-be8f-0aecac43e4ee
      Error Number:207,State:1,Class:16
      ++++++++++++++++++++++++++++++++++++++++++++++++++++++++
